CustomerID,support_calls
7590-VHVEG,2
5575-GNVDE,2
3668-QPYBK,2
7795-CFOCW,0
9237-HQITU,2
9305-CDSKC,4
1452-KIOVK,4
6713-OKOMC,3
7892-POOKP,1
6388-TABGU,2
9763-GRSKD,2
7469-LKBCI,0
8091-TTVAX,3
0280-XJGEX,3
5129-JLPIS,0
3655-SNQYZ,1
8191-XWSZG,0
9959-WOFKT,2
4190-MFLUW,0
4183-MYFRB,1
8779-QRDMV,4
1680-VDCWW,0
1066-JKSGK,0
3638-WEABW,0
6322-HRPFA,0
6865-JZNKO,3
6467-CHFZW,3
8665-UTDHZ,3
5248-YGIJN,0
8773-HHUOZ,3
3841-NFECX,1
4929-XIHVW,4
6827-IEAUQ,0
7310-EGVHZ,0
3413-BMNZE,3
6234-RAAPL,1
6047-YHPVI,2
6572-ADKRS,2
5380-WJKOV,3
8168-UQWWF,2
8865-TNMNX,2
9489-DEDVP,1
9867-JCZSP,0
4671-VJLCL,0
4080-IIARD,0
3714-NTNFO,3
5948-UJZLF,2
7760-OYPDY,1
7639-LIAYI,0
2954-PIBKO,0
8012-SOUDQ,3
9420-LOJKX,2
6575-SUVOI,0
7495-OOKFY,3
4667-QONEA,0
1658-BYGOY,4
8769-KKTPH,1
5067-XJQFU,1
3957-SQXML,0
5954-BDFSG,0
0434-CSFON,4
1215-FIGMP,3
0526-SXDJP,2
0557-ASKVU,0
5698-BQJOH,1
5122-CYFXA,0
8627-ZYGSZ,3
3410-YOQBQ,0
3170-NMYVV,0
7410-OIEDU,3
2273-QCKXA,0
0731-EBJQB,0
1891-QRQSA,1
8028-PNXHQ,0
5630-AHZIL,0
2673-CXQEU,4
6416-JNVRK,2
5590-ZSKRV,1
0191-ZHSKZ,1
3887-PBQAO,0
5919-TMRGD,3
8108-UXRQN,1
9191-MYQKX,3
9919-YLNNG,1
0318-ZOPWS,0
4445-ZJNMU,2
4808-YNLEU,1
1862-QRWPE,0
2796-NNUFI,0
3016-KSVCP,2
4767-HZZHQ,3
2424-WVHPL,1
7233-PAHHL,0
6067-NGCEU,2
9848-JQJTX,1
8637-XJIVR,3
9803-FTJCG,0
0278-YXOOG,0
3212-KXOCR,0
4598-XLKNJ,4
6380-ARCEH,0
3679-XASPY,0
7123-WQUHX,1
5386-THSLQ,4
3192-NQECA,1
6180-YBIQI,1
6728-DKUCO,2
9750-BOOHV,3
8597-CWYHH,4
2848-YXSMW,0
0486-HECZI,3
4549-ZDQYY,0
5712-AHQNN,3
4846-WHAFZ,3
5256-SKJGO,0
3071-VBYPO,3
9560-BBZXK,2
5299-RULOA,4
8402-OOOHJ,0
9445-ZUEQE,1
1091-SOZGA,3
2928-HLDBA,0
0404-SWRVG,2
6497-TILVL,2
7219-TLZHO,0
4622-YNKIJ,1
4412-YLTKF,4
6734-PSBAW,0
3930-ZGWVE,0
2639-UGMAZ,3
2876-GZYZC,3
6207-WIOLX,1
8587-XYZSF,0
3091-FYHKI,3
2372-HWUHI,2
7799-LGRDP,0
7850-VWJUU,4
3774-VBNXY,0
6217-KDYWC,0
0390-DCFDQ,1
3146-MSEGF,1
4080-OGPJL,0
1095-WGNGG,2
2636-SJDOU,2
1131-QQZEB,1
5716-EZXZN,1
6837-BJYDQ,0
2135-RXIHG,3
6440-DKQGE,2
3466-BYAVD,0
3780-YVMFA,0
3874-EQOEP,3
1679-JRFBR,3
9073-ZZIAY,0
3077-RSNTJ,0
6551-GNYDG,3
9167-APMXZ,3
2749-CTKAJ,0
6371-NZYEG,1
7554-NEWDD,0
8992-VONJD,1
0867-MKZVY,2
4482-EWFMI,3
4648-YPBTM,0
2907-ILJBN,0
6345-FZOQH,0
3376-BMGFE,2
5997-OPVFA,0
3445-HXXGF,2
1159-WFSGR,0
7654-YWJUF,1
1875-QIVME,0
6727-IOTLZ,0
0691-JVSYA,1
5918-VUKWP,0
1744-JHKYS,0
2656-FMOKZ,3
2070-FNEXE,4
5947-SGKCL,3
3712-PKXZA,0
6317-YPKDH,3
6582-OIVSP,2
9367-WXLCH,4
5524-KHNJP,3
1918-ZBFQJ,3
1024-GUALD,1
4827-USJHP,2
8167-GJLRN,0
0956-SYCWG,0
8017-UVSZU,2
7100-FQPRV,0
2472-OVKUP,4
2984-RGEYA,0
9680-NIAUV,2
2146-EGVDT,0
2604-IJPDU,0
9178-JHUVJ,0
6168-YBYNP,1
7255-SSFBC,0
3645-DEYGF,0
9323-HGFWY,0
8544-GOQSH,0
3363-DTIVD,4
7018-WBJNK,3
9142-KZXOP,2
7674-YTAFD,0
6348-SNFUS,0
1285-OKIPP,3
7825-ECJRF,1
1347-KTTTA,1
7841-TZDMQ,1
4195-NZGTA,3
7157-SMCFK,0
4709-LKHYG,0
2504-DSHIH,2
0699-NDKJM,1
9286-BHDQG,0
0230-WEQUW,0
2040-LDIWQ,0
6496-JDSSB,2
9408-SSNVZ,1
4443-EMBNA,0
6469-MRVET,0
0742-MOABM,0
5961-VUSRV,0
6778-JFCMK,3
6341-JVQGF,0
2232-DMLXU,2
4811-JBUVU,0
0945-TSONX,0
2651-ZCBXV,1
3316-UWXUY,1
8937-RDTHP,1
7083-MIOPC,0
1984-GPTEH,0
1251-KRREG,3
0621-JFHOL,0
9903-LYSAB,3
0094-OIFMO,3
9227-UAQFT,0
7301-ABVAD,0
6614-FHDBO,0
7576-ASEJU,0
9058-HRZSV,4
4522-AKYLR,1
0221-WMXNQ,5
0303-UNCIP,2
9947-OTFQU,2
0322-YINQP,1
0959-WHOKV,3
4075-JFPGR,3
4629-NRXKX,2
9514-JDSKI,3
3282-ZISZV,0
3675-YDUPJ,0
4111-BNXIF,0
7017-VFHAY,0
6655-LHBYW,0
4959-JOSRX,2
5046-NUHWD,2
7273-TEFQD,3
3606-TWKGI,3
7529-ZDFXI,3
7605-BDWDC,0
1950-KSVVJ,1
0123-CRBRT,0
6292-TOSSS,0
3197-ARFOY,0
6323-AYBRX,0
7014-ZZXAW,0
4385-GZQXV,2
7633-MVPUY,0
6366-ZGQGL,3
4716-HHKQH,1
5940-AHUHD,3
6432-TWQLB,0
4484-GLZOU,3
3179-GBRWV,3
8645-KWHJO,0
4130-MZLCC,1
0314-TKOSI,2
8229-MYEJZ,3
2080-SRCDE,0
9577-WJVCQ,1
9512-UIBFX,3
6202-DYYFX,3
3808-HFKDE,1
5583-SXDAG,2
3488-PGMQJ,4
3580-REOAC,1
7534-BFESC,4
3727-OWVYD,3
2294-SALNE,1
4847-TAJYI,4
1563-IWQEX,0
8203-XJZRC,0
6556-DBKZF,2
6851-WEFYX,3
2985-JUUBZ,1
6390-DSAZX,3
0895-LMRSF,3
8098-LLAZX,4
8266-VBFQL,0
8181-YHCMF,0
2240-HSJQD,1
1248-DYXUB,0
0265-EDXBD,3
4115-BNPJY,0
3167-SNQPL,4
4091-TVOCN,2
1098-TDVUQ,0
7277-OZCGZ,1
1557-EMYVT,1
2799-ARNLO,3
7563-BIUPC,1
5027-YOCXN,1
3973-SKMLN,0
2321-OMBXY,0
2840-XANRC,4
6745-JEFZB,0
5020-ZSTTY,0
9880-TDQAC,0
8705-WZCYL,1
7102-JJVTX,1
8626-PTQGE,0
4983-CLMLV,1
5701-YVSVF,1
5804-LEPIM,1
5697-GOMBF,1
2739-CACDQ,3
9385-EHGDO,0
9498-FIMXL,0
2379-GYFLQ,3
0122-OAHPZ,1
2868-SNELZ,3
4322-RCYMT,0
6680-NENYN,2
2088-IEBAU,0
7982-VCELR,4
1343-EHPYB,2
6035-BXTTY,1
6885-PKOAM,0
7520-HQWJU,1
9639-BUJXT,0
5924-SNGKP,0
0021-IKXGC,2
2034-GDRCN,3
8966-SNIZF,0
6243-OZGFH,3
4654-DLAMQ,2
0513-RBGPE,0
5160-UXJED,1
4115-NZRKS,2
0219-YTZUE,2
0623-IIHUG,4
4572-DVCGN,3
3351-NGXYI,1
8984-EYLLL,1
9057-MSWCO,1
9833-TGFHX,3
9294-TDIPC,0
5229-DTFYB,0
0104-PPXDV,3
5176-LMJXE,0
3583-KRKMD,0
1010-DIAUQ,3
9069-LGEUL,2
7302-ZHMHP,0
9571-EDEBV,4
3520-FJGCV,1
6563-VRERX,0
0259-GBZSH,4
6122-EFVKN,0
2805-EDJPQ,0
6862-CQUMB,3
7156-MXBJE,0
6158-HDPXZ,2
9601-BRXPO,0
2863-IMQDR,0
5686-CMAWK,1
5651-CRHKQ,0
6905-NIQIN,2
8204-YJCLA,1
5167-ZFFMM,1
6583-SZVGP,3
4895-TMWIR,0
0533-BNWKF,4
1708-PBBOA,0
8782-LKFPK,3
5522-JBWMO,2
3597-MVHJT,3
9774-NRNAU,0
0224-RLWWD,3
9967-ATRFS,0
3951-NJCVI,2
2977-CEBSX,0
0177-PXBAT,1
6599-CEBNN,3
2519-ERQOJ,1
5876-QMYLD,0
2277-AXSDC,0
9442-JTWDL,0
0979-PHULV,2
3067-SVMTC,0
5495-GPSRW,0
7606-BPHHN,0
4742-DRORA,3
0111-KLBQG,4
4800-VHZKI,0
7989-CHGTL,0
0334-GDDSO,4
4163-NCJAK,0
5233-AOZUF,1
5973-EJGDP,0
1996-DBMUS,4
7916-VCCPB,3
4686-GEFRM,1
5249-QYHEX,0
0578-SKVMF,3
5564-NEMQO,4
2233-FAGXV,0
5605-IYGFG,2
7663-ZTEGJ,1
3935-TBRZZ,0
8111-BKVDS,2
2055-SIFSS,3
2806-MLNTI,2
8734-DKSTZ,4
4360-PNRQB,1
6152-ONASV,0
9063-ZGTUY,0
7781-HVGMK,0
2181-UAESM,1
2957-LOLHO,1
6048-NJXHX,0
2320-SLKMB,0
4980-URKXC,0
4376-KFVRS,1
5886-VLQVU,0
3577-AMVUX,0
0771-WLCLA,1
5628-RKIFK,4
0206-TBWLC,0
2937-FTHUR,1
1910-FMXJM,1
7752-XUSCI,3
4110-PFEUZ,4
0732-OCQOC,0
5168-MSWXT,3
1090-ESELR,0
8592-PLTMQ,0
5760-WRAHC,1
8847-GEOOQ,0
0256-LTHVJ,2
4785-FCIFB,0
8313-NDOIA,4
5149-CUZUJ,1
0942-KOWSM,0
4237-CLSMM,0
1452-VOQCH,4
4719-UMSIY,0
6614-VBEGU,3
0880-TKATG,1
3811-VBYBZ,3
1480-BKXGA,2
2996-XAUVF,0
9076-AXYIK,0
5968-XQIVE,4
8896-RAZCR,0
4640-UHDOS,2
4933-IKULF,1
3583-EKAPL,3
1304-BCCFO,3
4104-PVRPS,0
9399-APLBT,2
2359-KMGLI,3
3780-DDGSE,1
4431-EDMIQ,0
0306-JAELE,0
6227-HWPWX,2
0486-LGCCH,0
0447-BEMNG,3
4612-SSVHJ,3
5168-MQQCA,1
5949-XIKAE,2
7971-HLVXI,1
9094-AZPHK,1
3649-JPUGY,0
4472-LVYGI,0
8372-JUXUI,2
3552-CTCYF,3
6778-YSNIH,3
0388-EOPEX,4
5756-OZRIO,4
6579-JPICP,0
8205-OTCHB,3
4134-BSXLX,0
0505-SPOOW,0
6235-VDHOM,3
7783-YKGDV,2
4374-YMUSQ,0
4513-CXYIX,2
3957-HHLMR,2
7803-XOCCZ,0
5736-YEJAX,0
5609-CEBID,3
8981-FJGLA,3
7218-HKQFK,0
4636-QRJKY,1
1135-LMECX,0
4332-MUOEZ,0
8535-SFUTN,3
5956-VKDTT,4
8677-HDZEE,1
2475-MROZF,1
9412-GHEEC,1
3482-ABPKK,0
6705-LXORM,5
0257-ZESQC,1
7531-GQHME,0
5174-ITUMV,4
4109-CYRBD,2
0913-XWSCN,3
6825-UYPFK,1
8397-MVTAZ,4
0750-EBAIU,1
8606-CIQUL,0
3571-DPYUH,1
7601-GNDYK,0
0356-OBMAC,0
8067-NIOYM,0
1403-GYAFU,0
4234-XTNEA,3
1297-VQDRP,1
9282-IZGQK,1
5348-CAGXB,3
0621-HJWXJ,3
5844-QVTAT,2
8905-IAZPF,2
5394-MEITZ,0
6859-QNXIQ,0
2782-LFZVW,2
2866-IKBTM,0
1342-JPNKI,1
2817-NTQDO,0
7129-AZJDE,2
6986-IJDHX,3
2560-PPCHE,1
4676-MQUEA,5
8138-EALND,0
3580-HYCSP,3
1352-HNSAW,0
2075-PUEPR,0
1982-FEBTD,0
5301-GAUUY,2
5791-KAJFD,3
2654-VBVPB,0
1154-HYWWO,0
2501-XWWTZ,1
3716-UVSPD,0
6815-ABQFQ,0
7343-EOBEU,0
3701-SFMUH,1
6103-LIANB,4
7319-VENRZ,0
5846-NEQVZ,0
6967-QIQRV,0
5781-RFZRP,0
0939-YAPAF,3
0308-IVGOK,0
7293-LSCDV,0
7025-WCBNE,0
5756-JYOJT,0
4710-FDUIZ,3
6030-REHUX,1
9548-LIGTA,0
5150-LJNSR,4
8270-RKSAP,2
6522-YRBXD,2
2640-LYMOV,0
1218-VKFPE,0
3627-FHKBK,3
2865-TCHJW,2
1423-BMPBQ,0
2393-DIVAI,0
5192-EBGOV,2
4568-KNYWR,1
8752-IMQOS,0
0742-LAFQK,3
0795-LAFGP,0
0619-OLYUR,1
5512-IDZEI,0
0459-SPZHJ,2
0215-BQKGS,3
9244-ZVAPM,2
0719-SYFRB,0
8208-EUMTE,0
5172-MIGPM,0
1710-RCXUS,4
0374-FIUCA,0
5839-SUYVZ,1
5173-ZXXXL,0
1096-ADRUX,4
2001-MCUUW,1
2731-GJRDG,0
4723-BEGSG,0
6516-NKQBO,0
8672-OAUPW,0
8207-DMRVL,1
3419-SNJJD,2
6543-CPZMK,1
4765-OXPPD,0
2804-ETQDK,0
6689-VRRTK,4
7138-GIRSH,0
9396-ZSFLL,3
6464-KEXXH,2
7134-MJPDY,1
5240-CAOYT,0
4059-IIEBK,1
4881-JVQOD,3
0516-UXRMT,2
4851-BQDNX,4
5148-HKFIR,0
1009-IRMNA,0
3003-CMDUU,1
5016-IBERQ,1
6797-UCJHZ,3
2469-DTSGX,2
4554-YGZIH,3
5099-BAILX,0
9931-KGHOA,2
1775-KWJKQ,0
7665-VIGUD,0
9411-TPQQV,0
7207-RMRDB,2
7954-MLBUN,0
2077-DDHJK,0
4913-EHYUI,2
0195-IESCP,3
9574-BOSMD,0
4580-TMHJU,2
0970-ETWGE,3
4908-XAXAY,2
8404-VLQFB,0
1626-ERCMM,3
0887-HJGAR,3
2391-IPLOP,0
5644-PDMZC,4
3509-GWQGF,3
9576-ANLXO,2
2024-BASKD,1
5845-BZZIB,0
1140-UKVZG,0
4160-AMJTL,1
5183-SNMJQ,1
8100-PNJMH,0
7838-LAZFO,1
4464-JCOLN,0
2085-JVGAD,0
5650-VDUDS,1
8095-WANWK,1
3030-ZKIWL,0
9565-FLVCG,2
8755-OGKNA,0
2800-VEQXM,2
7538-GWHML,4
5533-RJFTJ,2
3859-CVCET,1
0214-JHPFW,0
5642-MHDQT,0
3088-FVYWK,0
3276-HDUEG,3
9092-GDZKO,0
0823-HSCDJ,3
3729-OWRVL,0
2324-AALNO,0
0822-GAVAP,3
5760-IFJOZ,1
2826-UWHIS,4
1448-PWKYE,3
7501-IWUNG,0
4957-TREIR,0
7251-LJBQN,2
8040-MNRTF,3
1536-HBSWP,0
5313-FPXWG,0
0067-DKWBL,1
0946-FKYTX,2
5076-YVXCM,2
8262-COGGB,0
6663-JOCQO,0
9620-QJREV,0
2276-YDAVZ,2
2682-KEVRP,0
2480-JZOSN,0
0078-XZMHT,0
5896-NPFWW,3
9978-HYCIN,3
8338-QIUNR,0
1525-LNLOJ,1
9450-TRJUU,2
1766-GKNMI,3
6942-LBFDP,0
1456-TWCGB,2
7133-VBDCG,2
7596-ZYWBB,0
8329-UTMVM,1
3014-WJKSM,3
3347-YJZZE,2
1029-QFBEN,0
7929-DMBCV,0
9661-JALZV,0
5433-KYGHE,1
4312-KFRXN,0
5575-TPIZQ,3
0114-IGABW,0
9944-AEXBM,2
1853-ARAAQ,2
6952-OMNWB,2
4697-LUPSU,0
8434-VGEQQ,0
4952-YSOGZ,2
1589-AGTLK,3
5244-IRFIH,3
6549-YMFAW,1
4950-HKQTE,0
6786-OBWQR,2
2684-EIWEO,4
2753-JMMCV,0
6439-GTPCA,0
6621-YOBKI,0
1216-JWVUX,2
7564-GHCVB,2
1173-NOEYG,4
7595-EHCDL,1
6647-ZEDXT,0
2521-NPUZR,0
1307-TVUFB,3
7503-MIOGA,0
4381-MHQDC,0
6923-JHPMP,3
5138-WVKYJ,3
4018-PPNDW,0
1635-FJFCC,2
2499-AJYUA,2
6919-ELBGL,0
3966-HRMZA,2
6425-JWTDV,0
8405-IGQFX,0
8224-IVVPA,3
9477-LGWQI,3
1410-RSCMR,0
3115-CZMZD,0
0139-IVFJG,3
6683-VLCTZ,4
5730-DBDSI,0
0030-FNXPP,0
2189-WWOEW,3
5684-FJVYR,1
4013-GUXND,0
1894-IGFSG,4
7379-POKDZ,3
1266-NZYUI,0
7969-FFOWG,0
4718-DHSMV,3
5175-WLYXL,2
7817-OMJNA,0
8728-SKJLR,1
3137-NYQQI,3
7706-DZNKK,0
0236-HFWSV,2
3900-AQPHZ,0
5842-POCOP,2
2037-XJFUP,3
8823-RLPWL,3
9505-SQFSW,1
7314-OXENN,3
3758-CKOQL,0
0322-CHQRU,3
5676-CFLYY,0
7521-AFHAB,1
0285-INHLN,3
4678-DVQEO,0
5125-CNDSP,0
0691-IFBQW,4
4992-LTJNE,2
2202-OUTMO,0
0810-BDHAW,2
0229-LFJAF,0
7131-ZQZNK,0
3442-ZHHCC,3
5726-CVNYA,0
9871-ELEYA,0
4257-GAESD,3
5173-WXOQV,0
2040-OBMLJ,1
6286-ZHAOK,0
3807-XHCJH,0
3009-JWMPU,3
5671-RQRLP,1
1450-GALXR,0
8859-AXJZP,0
3174-AKMAS,0
3138-BKYAV,4
9926-PJHDQ,1
7382-DFJTU,0
2798-NYLMZ,0
4289-DTDKW,2
1820-TQVEV,4
2239-JALAW,4
4853-RULSV,1
8098-TDCBU,0
3551-GAEGL,2
4785-NKHCX,0
3196-NVXLZ,2
6275-YDUVO,4
0036-IHMOT,1
0115-TFERT,1
4178-EGMON,0
4220-TINQT,0
5318-YKDPV,0
7975-TZMLR,4
0295-QVKPB,0
4335-BSMJS,0
2311-QYMUQ,2
3643-AHCFP,4
9146-JRIOX,0
3104-OWCGK,3
5337-IIWKZ,0
9101-BWFSS,0
9650-VBUOG,0
3487-EARAT,0
2672-TGEFF,1
9231-ZJYAM,3
4250-WAROZ,3
8184-WMOFI,0
6982-SSHFK,3
6092-QZVPP,0
4625-LAMOB,0
0727-BMPLR,3
0392-BZIUW,3
1038-ZAGBI,0
6549-NNDYT,3
3027-ZTDHO,4
0422-OHQHQ,0
6916-HIJSE,0
2316-ESMLS,0
9778-OGKQZ,0
7408-OFWXJ,0
6007-TCTST,0
2252-NKNSI,0
8713-IGZSO,0
7905-TVXTA,0
7695-PKLCZ,0
2382-BCKQJ,3
8374-UULRV,0
2207-NHRJK,3
3224-DFQNQ,0
5275-PMFUT,0
4795-UXVCJ,0
9777-IQHWP,1
0947-MUGVO,2
9944-HKVVB,3
4124-MMETB,3
3671-SHRSP,0
0979-MOZQI,0
2732-ISEZX,0
3313-QKNKB,2
0323-XWWTN,0
1937-OTUKY,1
1573-LGXBA,3
1764-VUUMT,0
5073-WXOYN,2
4713-ZBURT,3
3050-GBUSH,1
0207-MDKNV,0
7876-AEHIG,0
7945-HLKEA,0
9342-VNIMQ,2
9851-KIELU,0
3523-BRGUW,0
3908-BLSYF,2
3199-NPKCN,1
5170-PTRKA,0
4661-NJEUX,0
2123-AGEEN,1
1258-YMZNM,1
0048-LUMLS,4
7549-MYGPK,4
5898-IGSLP,1
3804-RVTGV,2
6259-WJQLC,2
9227-LUNBG,2
7997-EASSD,0
0730-KOAVE,3
8975-SKGRX,0
0678-RLHVP,2
4315-MURBD,0
2267-FPIMA,3
1051-GEJLJ,0
9734-YWGEX,3
2719-BDAQO,3
5285-MVEHD,3
0379-DJQHR,3
0781-LKXBR,1
5543-QDCRY,1
0297-RBCSG,0
4694-PHWFW,0
0835-JKADZ,1
1907-UBQFC,5
7508-SMHXL,5
3865-YIOTT,4
5993-BQHEA,0
6024-RUGGH,0
6513-EECDB,3
3956-CJUST,5
4079-WWQQQ,0
6103-BOCOU,2
5149-TGWDZ,0
7471-WNSUF,0
8942-DBMHZ,0
4301-VVZKA,1
9199-PWQVC,2
4824-GUCBY,1
5393-HJZSM,0
7074-IEVOJ,2
9625-QSTYE,4
0862-PRCBS,1
8812-ZRHFP,2
5146-CBVOE,1
0454-OKRCT,1
5787-KXGIY,0
4750-ZRXIU,2
4198-VFOEA,0
6630-UJZMY,3
5709-LVOEQ,2
6400-BWQKW,3
2692-AQCPF,0
0347-UBKUZ,0
0835-DUUIQ,0
0811-GSDTP,1
7567-ECMCM,4
6115-ZTBFQ,0
6353-BRMMA,3
6680-WKXRZ,2
6231-WFGFH,0
9904-EHEVJ,3
7028-DVOIQ,3
6169-PPETC,0
4208-UFFGW,1
8584-KMVXD,3
8467-WYNSR,0
0851-DFJKB,0
5382-SOYZL,3
9448-REEVD,1
3261-CQXOL,0
8388-FYNPZ,1
4002-BQWPQ,0
5651-YLPRD,3
2826-DXLQO,1
4378-BZYFP,0
9489-UTFKA,1
4849-PYRLQ,0
9117-SHLZX,3
9889-TMAHG,1
4541-RMRLG,0
7764-BDPEE,0
3429-IFLEM,0
3158-MOERK,1
7294-TMAOP,2
5002-GCQFH,4
0556-FJEGU,0
8919-FYFQZ,2
0604-THJFP,0
2834-JRTUA,1
5875-YPQFJ,2
5879-SESNB,3
6646-QVXLR,5
6461-PPAXN,0
3318-ISQFQ,0
1106-HRLKZ,0
2483-XSSMZ,3
8603-IJWDN,2
8165-ZJRNM,0
9369-XFEHK,3
2604-XVDAM,3
3717-OFRTN,0
9046-JBFWA,0
3280-NMUVX,0
1206-EHBDD,3
8361-LBRDI,0
4883-KCPZJ,0
9108-EQPNQ,0
7277-KAMWT,0
3842-IYKUE,0
6641-XRPSU,3
1374-DMZUI,4
2545-LXYVJ,0
3234-VKACU,0
8357-EQXFO,2
1989-PRJHP,3
8120-JDCAM,3
8917-FAEMR,0
7047-YXDMZ,0
2858-EIMXH,5
9524-EGPJC,0
6993-OHLXR,2
8818-XYFCQ,4
6419-ZTTLE,1
0929-HYQEW,1
6614-YOLAC,0
7426-RHZGU,1
4065-JJAVA,2
4695-VADHF,3
3863-IUBJR,1
7649-SIJJF,0
9361-YNQWJ,0
3748-FVMZZ,0
9391-TTOYH,0
1452-XRSJV,3
3422-WJOYD,0
8242-SOQUO,4
7460-ITWWP,3
7147-AYBAA,2
7868-TMWMZ,1
4822-RVYBB,4
6732-FZUGP,3
8436-BJUMM,3
4184-TJFAN,1
8329-GWVPJ,2
1352-VHKAJ,0
4145-UQXUQ,3
2632-TACXW,0
8146-QQKZH,0
1767-CJKBA,0
6445-TNRXS,0
4581-LNWUM,1
4869-EPIUS,2
9948-YPTDG,1
1236-WFCDV,4
1915-OAKWD,0
7296-PIXQY,4
4883-QICIH,3
3354-OADJP,0
3524-WQDSG,3
0810-DHDBD,0
4026-SKKHW,0
2829-HYVZP,0
8329-IBCTI,0
1271-SJBGZ,1
3845-JHAMY,2
7013-PSXHK,0
5669-SRAIP,1
5981-ITEMU,2
3486-NPGST,0
6941-PMGEP,4
1624-WOIWJ,3
2074-GKOWZ,3
0376-YMCJC,0
6100-FJZDG,0
4829-ZLJTK,3
1730-VFMWO,0
7143-BQIBA,0
3800-LYTRK,0
0634-SZPQA,2
9646-NMHXE,0
7030-NJVDP,0
5536-RTPWK,3
8883-GRDWQ,0
6166-ILMNY,3
3097-NNSPB,1
7771-ZONAT,0
0655-RBDUG,3
2111-DWYHN,0
4194-WHFCB,1
4121-AGSIN,0
4361-BKAXE,0
9845-PEEKO,5
0455-XFASS,2
0301-KOBTQ,0
1751-NCDLI,4
4367-NUYAO,0
9878-TNQGW,1
9170-ARBTB,0
4441-NIHPT,3
8999-BOHSE,5
7241-AJHFS,0
7029-RPUAV,2
4546-FOKWR,3
9036-CSKBW,3
5832-TRLPB,0
8590-YFFQO,0
8659-IOOPU,0
1338-CECEE,1
7439-DKZTW,3
4646-QZXTF,0
4607-CHPCA,2
9742-XOKTS,1
6921-OZMFH,0
9578-FOMUK,0
4712-UYOOI,0
8824-RWFXJ,3
7722-CVFXN,1
8717-VCTXJ,0
7363-QTBIW,3
4159-NAAIX,2
0971-QIFJK,0
9397-TZSHA,0
3391-JSQEW,3
0343-QLUZP,3
9763-PDTKK,0
2176-LVPNX,1
7627-JKIAZ,1
3312-UUMZW,2
1271-UODNO,0
8461-EFQYM,0
6900-RBKER,2
6891-JPYFF,1
1459-QNFQT,0
1047-NNCBF,4
3696-XRIEN,0
4081-DYXAV,2
0074-HDKDG,1
8791-GFXLZ,3
8111-SLLHI,4
0927-LCSMG,2
9330-DHBFL,0
0098-BOWSO,0
3452-ABWRL,3
5859-HZYLF,0
8257-RZAHR,3
5293-WXJAK,2
3156-QLHBO,0
2208-NQBCT,3
1779-PWPMG,2
6621-NRZAK,0
0831-JNISG,0
0774-IFUVM,3
3082-WQRVY,0
9553-DLCLU,0
1641-BYBTK,0
2460-NGXBJ,4
2446-ZKVAF,1
0841-NULXI,1
3522-CDKHF,1
1430-SFQSA,0
0411-EZJZE,2
7851-WZEKY,4
8844-TONUD,1
8807-ARQET,1
8992-CEUEN,0
4320-QMLLA,2
8777-PVYGU,1
8292-ITGYJ,0
6870-ZWMNX,0
0621-CXBKL,0
5268-DSMNQ,2
5334-JLAXU,4
4086-YQSNZ,2
6242-MBHPK,3
5868-CZJDR,3
9359-UGBTK,0
0135-NMXAP,3
4782-OSFXZ,1
6479-OAUSD,0
7129-ACFOG,2
4189-NAKJS,2
5562-BETPV,0
1282-IHQAC,4
9127-FHJBZ,0
6270-OMFIW,4
1641-RQDAY,3
0107-WESLM,0
6994-ORCWG,3
1346-UFHAX,1
3992-YWPKO,1
2933-XEUJM,1
0125-LZQXK,1
5461-QKNTN,2
4835-YSJMR,0
8399-YNDCH,1
3164-YAXFY,1
0887-WBJVH,1
4660-IRIBM,4
5673-FSSMF,2
7670-ZBPOQ,0
8089-UZWLX,4
0080-OROZO,1
3916-NRPAP,2
6807-SIWJI,1
8221-HVAYI,0
1579-KLYDT,3
5232-NXPAY,0
8967-SZQAS,1
4468-KAZHE,2
0455-ENTCR,0
8944-AILEF,0
5542-NKVRU,0
7126-RBHSD,3
5370-IIVVL,1
6789-HJBWG,2
3927-NLNRY,2
9087-EYCPR,0
6791-YBNAK,3
6358-LYNGM,3
6077-BDPXA,4
0013-MHZWF,0
5494-HECPR,4
8268-YDIXR,4
9824-BEMCV,4
1373-ORVIZ,0
4291-SHSBH,3
6980-IMXXE,0
9866-QEVEE,3
9897-KXHCM,3
0040-HALCW,0
0784-GTUUK,0
7979-CORPM,1
2294-DMMUS,3
0872-JCPIB,1
3055-MJDSB,3
9091-WTUUY,0
1618-CFHME,4
3165-HDOEW,3
6581-NQCBA,0
7115-IRDHS,0
8496-DMZUK,1
2040-VZIKE,2
9068-VPWQQ,0
0178-SZBHO,2
0384-RVBPI,1
1689-MRZQR,2
1299-AURJA,0
4525-VZCZG,1
1543-LLLFT,1
5835-BEQEU,2
2788-CJQAQ,0
5565-FILXA,5
0319-QZTCO,2
2120-SMPEX,0
0096-FCPUF,1
0668-OGMHD,2
5552-ZNFSJ,1
2223-KAGMX,0
6507-ZJSUR,3
9408-HRXRK,2
5593-SUAOO,2
7321-PKUYW,1
2833-SLKDQ,1
6766-HFKLA,1
7595-EUIVN,4
7617-EYGLW,0
2026-TGDHM,4
9220-ZNKJI,0
4030-VPZBD,0
2226-ICFDO,0
0723-VSOBE,2
5529-GIBVH,0
4187-CINZD,3
9992-UJOEL,1
4741-WWJQZ,1
6625-UTXEW,1
6818-WOBHJ,2
6244-BESBM,1
1004-NOZNR,3
1251-STYSZ,5
2612-PHGOX,0
2408-TZMJL,4
8480-PPONV,1
8780-IHCRN,0
4598-ZADCK,0
1257-SXUXQ,0
9681-KYGYB,3
7182-OVLBJ,3
5095-ETBRJ,0
7005-CYUIL,1
4821-WQOYN,0
4730-AWNAU,0
3452-FLHYD,0
2388-LAESQ,2
9531-NSBMR,0
6260-ONULR,3
4389-UEFCZ,1
8711-LOBKY,0
9134-CEQMF,2
8985-OOPOS,0
8800-ZKRFW,0
2616-FLVQC,0
9968-FFVVH,0
3108-PCCGG,2
7993-PYKOF,2
8390-FESFV,0
3022-BEXHZ,1
5027-XWQHA,1
6248-TKCQV,0
6729-GDNGC,1
6198-ZFIOJ,4
5989-OMNJE,3
4566-QVRRW,1
1291-CUOCY,0
9795-SHUHB,0
3230-IUALN,0
0042-RLHYP,0
8519-IMDHU,2
4945-RVMTE,1
0201-OAMXR,0
1866-NXPSP,0
3372-KWFBM,3
7831-QGOXH,3
6393-WRYZE,4
3941-XTSKM,3
1661-CZBAU,0
6599-RCLCJ,0
9831-BPFRI,0
5158-RIVOP,0
9788-YTFGE,0
9277-JOOMO,0
1907-YLNYW,3
1725-MIMXW,0
8947-YRTDV,3
3161-ONRWK,0
0114-RSRRW,0
4565-NLZBV,0
0031-PVLZI,0
7206-GZCDC,4
6682-VCIXC,0
4791-QRGMF,2
6475-VHUIZ,0
3910-MRQOY,0
0661-WCQNQ,0
7537-RBWEA,2
4656-CAURT,0
0121-SNYRK,0
1768-ZAIFU,2
4671-LXRDQ,1
3733-LSYCE,2
6265-FRMTQ,0
1934-SJVJK,0
3838-OZURD,3
1371-DWPAZ,0
9269-CQOOL,2
2017-CCBLH,0
7690-KPNCU,1
0536-BGFMZ,0
2293-IJWPS,2
2845-HSJCY,4
5469-NUJUR,0
1184-PJVDB,2
2625-TRCZQ,3
4102-HLENU,1
7266-GSSJX,0
7722-VJRQD,0
7073-QETQY,0
9415-DPEWS,1
5624-RYAMH,0
0196-JTUQI,2
7130-YXBRO,3
9272-LSVYH,1
7943-RQCHR,1
3793-MMFUH,2
3249-ZPQRG,1
2568-BRGYX,4
3084-DOWLE,0
1084-MNSMJ,0
7721-JXEAW,3
7249-WBIYX,4
4238-HFHSN,2
6250-CGGUN,1
5478-JJVZK,3
7596-IIWYC,0
6567-HOOPW,2
9793-WECQC,1
4291-HPAXL,0
8999-YPYBV,0
1839-FBNFR,0
3164-AALRN,3
3071-MVJCD,0
1697-BCSHV,3
0562-KBDVM,0
1131-SUEKT,0
3717-OEAUQ,3
4538-WNTMJ,0
3334-CTHOL,3
4704-ERYFC,2
9432-RUVSL,1
8060-HIWJJ,0
7684-XSZIY,0
9089-UOWJG,3
8621-MNIHH,2
8039-ACLPL,3
9885-AIBVB,1
1934-MKPXS,0
2592-YKDIF,0
2272-JKMSI,1
0471-LVHGK,2
9518-RWHZL,2
8714-CTZJW,4
3569-EDBPQ,1
3131-NWVFJ,0
7521-YXVZY,0
5419-CONWX,4
6240-EURKS,2
2373-NTKOD,2
1970-KKFWL,0
6960-HVYXR,2
9337-SRRNI,0
0895-UADGO,0
5678-VFNEQ,2
5977-CKHON,3
7024-OHCCK,2
2692-BUCFV,2
7861-UVUFT,3
1830-GGFNM,1
5302-BDJNT,1
5223-UZAVK,4
4859-ZSRDZ,0
5651-WYIPH,2
9350-VLHMB,1
3498-LZGQZ,0
8785-CJSHH,3
5357-TZHPP,2
3870-SPZSI,0
0680-DFNNY,2
7560-QRBXH,0
7077-XJMET,0
8752-GHJFU,1
6896-SRVYQ,3
7767-UXAGJ,2
4652-ODEVH,0
6510-UPNKS,0
6718-BDGHG,0
9046-DQMTP,0
6439-LAJXL,0
1571-SAVHK,0
9052-VKDUW,4
9546-CQJSU,2
1666-JZPZT,1
5777-KJIRB,2
0506-LVNGN,3
7677-SJJJK,0
2480-EJWYP,3
3253-HKOKL,3
7055-HNEOJ,0
5514-YQENT,1
3211-AAPKX,1
8445-DNBAE,2
2951-QOQTK,0
2958-NHPPS,0
6806-YDEUL,1
1735-XMJVH,0
6890-PFRQX,2
0222-CNVPT,2
5899-OUVKV,3
8681-ICONS,0
1621-YNCJH,1
3473-XIIIT,2
6362-QHAFM,1
7893-IXHRQ,0
3070-BDOQC,3
2952-QAYZF,3
6234-PFPXL,0
9824-QCJPK,0
4763-PGDPO,4
4283-IVYCI,0
1866-OBPNR,2
8205-MQUGY,3
8970-ANWXO,0
9480-BQJEI,3
5394-SVGJV,1
6979-TNDEU,0
9777-WJJPR,3
9283-LZQOH,1
7079-QRCBC,3
9495-SKLKD,2
6048-UWKAL,0
5067-DGXLL,0
5469-CTCWN,2
9851-QXEEQ,4
6281-FKEWS,1
8898-KASCD,0
9242-TKFSV,0
9290-SHCMB,5
0743-HNPFG,0
2277-BKJKN,5
9809-IMGCQ,3
5208-HFSBT,0
5035-PGZXH,2
8695-WDYEA,1
6543-JXSOO,0
8016-ZMGMO,2
8605-ITULD,0
3254-YRILK,2
6416-YJTTB,3
2667-WYLWJ,0
4472-VESGY,2
3195-TQDZX,0
3128-YOVTD,2
0529-ONKER,4
1728-CXQBE,2
7041-TXQJH,2
5014-GSOUQ,0
5724-BIDBU,3
0481-SUMCB,3
1769-GRUIK,3
5240-IJOQT,2
8819-WFGGJ,1
7427-AUFPY,0
2811-POVEX,4
1092-GANHU,3
7898-PDWQE,0
9972-EWRJS,0
9314-IJWSQ,3
0661-XEYAN,4
5799-JRCZO,0
1921-KYSAY,0
6198-RTPMF,4
2924-KHUVI,4
1925-GMVBW,0
7881-EVUAD,1
6184-DYUOB,0
9207-ZPANB,0
5766-XQXMQ,2
9327-QSDED,2
1656-DRSMG,0
3012-VFFMN,0
2984-AFWNC,3
0640-YJTPY,0
8096-LOIST,1
9764-REAFF,0
3703-VAVCL,0
7107-UBYKY,0
4881-GQJTW,0
8519-QJGJD,4
7876-DNYAP,0
7905-NJMXS,0
2882-WDTBA,0
2091-GPPIQ,0
6326-MTTXK,2
5071-FBJFS,1
2796-UUZZO,2
2429-AYKKO,0
9798-OPFEM,0
0330-IVZHA,3
3794-NFNCH,1
5193-QLVZB,1
7114-AEOZE,0
2886-KEFUM,3
5522-NYKPB,1
4237-RLAQD,1
9957-YODKZ,4
6518-KZXCB,0
2245-ADZFJ,0
7776-QGYJC,1
9313-QOLTZ,0
9651-GTSAQ,1
3186-BAXNB,1
4672-FOTSD,0
0637-YLETY,4
9818-XQCUV,0
7338-ERIVA,0
1157-BQCUW,3
8259-NFJTV,0
3223-DWFIO,2
2660-EMUBI,4
6968-GMKPR,4
4751-ERMAN,1
1436-ZMJAN,2
3292-PBZEJ,1
0799-DDIHE,3
3070-FNFZQ,0
2812-SFXMJ,0
7675-OZCZG,2
5014-WUQMG,4
5312-TSZVC,0
2003-CKLOR,2
0993-OSGPT,0
9254-RBFON,1
1205-WNWPJ,0
9391-EOYLI,3
7108-DGVUU,4
2782-JEEBU,0
5127-BZENZ,3
2720-FVBQP,2
9906-NHHVC,4
4522-XRWWI,0
3766-EJLFL,1
5939-SXWHM,0
8152-UOBNY,0
7351-KYHQH,3
7643-RCHXS,0
8246-SHFGA,0
8387-MOJJT,3
0620-XEFWH,0
6485-QXWWE,0
2761-OCIAX,1
7321-VGNKU,4
5327-CNLUQ,2
7552-KEYGT,0
5816-JMLGY,0
3068-OMWZA,1
2927-QRRQV,3
6032-KRXXO,3
7459-RRWQZ,3
6265-SXWBU,2
7941-RCJOW,0
6374-NTQLP,0
4154-AQUGT,0
2387-KDZQY,0
3584-WKTTW,0
3399-BMLVW,0
1971-DTCZB,0
3092-IGHWF,1
3374-PZLXD,0
3813-DHBBB,0
2812-REYAT,0
6518-PPLMZ,0
4939-KYYPY,0
8017-LXHFA,2
5930-GBIWP,0
6022-KOUQO,0
6352-TWCAU,1
2361-UPSND,0
6035-RIIOM,3
2929-QNSRW,3
1262-OPMFY,3
9504-DSHWM,0
5035-BVCXS,4
6267-DCFFZ,3
3533-UVMOM,3
2439-LYPMQ,1
4248-QPAVC,4
1899-VXWXM,3
1478-VPOAD,3
9995-HOTOH,3
2988-PLAHS,2
1371-OJCEK,0
4999-IEZLT,0
8883-ANODQ,4
4690-LLKUA,3
2351-RRBUE,0
5980-BDHPY,0
1498-DQNRX,0
9469-WEJBT,1
3331-HQDTW,4
9490-DFPMD,3
2581-VKIRT,0
5442-XSDCW,2
7426-WEIJX,3
2851-MMUTZ,0
3049-NDXFL,1
8580-AECUZ,3
3307-TLCUD,2
6625-FLENO,0
2967-MXRAV,0
7963-GQRMY,1
8189-HBVRW,3
4163-KIUHY,0
1228-FZFRV,1
3500-NSDOA,0
1171-TYKUR,0
3761-FLYZI,4
2058-DCJBE,2
5364-XYIRR,3
4829-AUOAX,3
1219-NNDDO,1
8388-DMKAE,0
4403-BWPAY,0
9659-QEQSY,1
5405-ZMYXQ,1
5047-LHVLY,3
1442-OKRJE,4
4737-AQCPU,0
9158-VCTQB,1
2808-CHTDM,0
6311-UEUME,3
0793-TWELN,3
3283-WCWXT,0
1060-ENTOF,1
0999-QXNSA,4
5451-MHQOF,0
4836-WNFNO,0
9225-BZLNZ,3
0354-VXMJC,0
4422-QVIJA,3
9365-SRSZE,2
6839-ITVZJ,0
8332-OSJDW,0
4735-BJKOU,0
0274-JKUJR,3
5740-YHGTW,1
8917-SZTTJ,0
1696-MZVAU,2
7359-WWYJV,0
0375-HVGXO,1
4906-ZHGPK,0
8593-WHYHV,3
3795-GWTRD,0
1298-PHBTI,1
6223-DHJGV,0
6961-MJKBO,0
6097-EQISJ,1
4423-YLHDV,2
8158-WPEZG,0
0107-YHINA,4
4918-FYJNT,1
0727-BNRLG,0
4854-CIDCF,2
8640-SDGKB,0
3280-MRDOF,1
6435-SRWBJ,0
9964-WBQDJ,0
6303-KFWSL,3
1702-CCFNJ,0
8932-CZHRQ,3
0386-CWRGM,0
5515-RUGKN,2
0404-AHASP,0
7279-NMVJC,0
2081-VEYEH,1
6407-UTSLV,3
4116-TZAQJ,4
9060-HJJRW,3
2587-YNLES,0
7398-SKNQZ,2
5935-FCCNB,2
1958-RNRKS,2
5136-RGMZO,0
8345-MVDYC,0
8226-BXGES,3
3877-JRJIP,3
8375-DKEBR,4
9705-IOVQQ,2
1015-OWJKI,0
7511-YMXVQ,1
2040-XBAVJ,0
7551-JOHTI,0
8887-IPQNC,1
8646-JCOMS,0
9804-ICWBG,2
1222-KJNZD,0
0106-GHRQR,1
5318-IXUZF,2
3768-VHXQO,0
8952-WCVCD,2
2418-TPEUN,0
3963-RYFNS,0
3198-VELRD,3
8540-ZQGEA,0
1320-REHCS,0
4137-JOPHL,1
9436-ZBZCT,1
7801-CEDNV,1
2057-BOYKM,1
3658-QQJYD,3
1803-BGNBD,0
0134-XWXCE,1
6950-TWMYB,1
5848-FHRFC,0
2243-FNMMI,0
2511-MORQY,2
5356-KZCKT,0
9470-XCCEM,2
6519-CFDBX,3
3902-MIVLE,0
0409-WTMPL,3
8763-KIAFH,0
3669-WHAFY,1
3055-VTCGS,1
3144-KMTWZ,2
7279-BUYWN,3
7156-MHUGY,2
7198-GLXTC,2
2007-QVGAW,0
5207-PLSTK,1
2307-FYNNL,1
5605-XNWEN,1
2155-AMQRX,0
6181-AXXYF,0
5091-HFAZW,2
0516-VRYBW,0
2519-LBNQL,3
8623-ULFNQ,1
8380-PEFPE,3
5687-DKDTV,0
1568-LJSZU,0
7530-HDYDS,0
7789-HKSBS,4
7416-CKTEP,0
2586-CWXVV,3
3096-IZETN,2
2348-KCJLT,1
8401-EMUWF,1
4193-IBKSW,0
5377-NDTOU,0
5922-ABDVO,3
2474-LCNUE,0
0839-QNXME,0
3506-OVLKD,0
9172-ANCRX,2
6650-VJONK,3
2178-PMGCJ,1
7492-TAFJD,3
2773-MADBQ,0
6016-LVTJQ,0
7860-KSUGX,3
8966-KZXXA,0
6910-HADCM,4
4816-LXZYW,2
9606-PBKBQ,3
5149-QYTTU,0
2070-XYMFH,2
2085-BOJKI,3
0817-HSUSE,0
5442-PPTJY,0
1927-QEWMY,0
1663-MHLHE,0
5663-QBGIS,2
4450-MDZFX,1
6701-DHKWQ,0
7554-AKDQF,2
3536-IQCTX,3
4911-BANWH,3
8496-EJAUI,1
0794-YVSGE,0
5423-BHIXO,3
6908-VVYHM,2
2959-EEXWB,3
1839-UMACK,0
3030-YDNRM,2
7321-KKSDU,0
3402-XRIUO,0
3132-TVFDZ,2
8286-AFUYI,3
8080-DDEMJ,3
8356-WUAOJ,1
6365-MTGZX,0
1349-WXNGG,0
8058-DMYRU,2
9350-ZXYJC,0
6990-YNRIO,1
8958-JPTRR,0
6959-GQEGV,2
3173-WSSUE,0
1265-HVPZB,2
4115-UMJFQ,3
7369-TRPFD,0
1098-KFQEC,0
7190-XHTWJ,0
0621-TWIEM,2
3537-RYBHH,4
2485-ITVKB,3
3669-OYSJI,1
1612-EOHDH,1
6702-OHFWR,2
5296-BFCYD,0
4510-PYUSH,2
9359-JANWS,0
7517-SAWMO,2
4143-HHPMK,2
3279-DYZQM,0
7054-LGEQW,1
0523-VNGTF,0
9575-IWCAZ,0
7105-MXJLL,3
7064-FRRSW,2
7940-UQQUG,1
0923-PNFUB,2
3961-SXAXY,3
7010-BRBUU,0
3566-HJGPK,2
3062-ICYZQ,3
9938-PRCVK,0
0973-KYVNF,3
5129-HHMZC,0
9637-CDTKZ,0
3946-JEWRQ,1
7873-CVMAW,0
0463-WZZKO,0
3494-JCHRQ,2
6474-FVJLC,4
4524-QCSSM,2
5832-EXGTT,2
8840-DQLGN,2
2039-JONDJ,3
7217-JYHOQ,0
6695-FRVEC,0
4547-LYTDD,2
9894-QMIMJ,3
8069-YQQAJ,2
6770-XUAGN,0
4193-ORFCL,3
1636-NTNCO,4
3466-WAESX,1
9281-PKKZE,2
3638-VBZTA,0
7459-IMVYU,0
7776-QWNFX,4
6689-TCZHQ,3
8563-OYMQY,2
0754-EEBDC,0
5777-ZPQNC,0
1951-IEYXM,0
3318-NMQXL,2
3143-ILDAL,1
1022-RKXDR,0
2361-FJWNO,0
2272-UOINI,0
8232-UTFOZ,0
3750-YHRYO,0
6637-KYRCV,3
5668-MEISB,0
0129-QMPDR,0
7188-CBBBA,2
5356-CSVSQ,0
3221-CJMSG,0
4720-VSTSI,3
3219-JQRSL,1
2801-NISEI,0
3946-MHCZW,2
4623-ZKHLY,0
6732-VAILE,0
8201-AAXCB,1
7696-CFTAT,0
1845-CSBRZ,2
2123-VSCOT,0
6651-AZVTJ,2
4566-GOLUK,0
2484-DGXPZ,0
2018-QKYGT,4
2792-VPPET,0
7409-JURKQ,1
3247-MHJKM,0
1964-SVLEA,0
4587-NUKOX,4
7297-DVYGA,0
2239-CGBUZ,0
0854-UYHZD,0
7243-LCGGZ,0
8267-KFGYD,0
4890-VMUAV,0
9261-WDCAF,2
3764-MNMOI,0
7442-YGZFK,1
0420-BWTPW,3
8229-BUJHX,0
7449-HVPIV,2
5504-WSIUR,0
8183-ONMXC,3
8466-PZBLH,0
9614-RMGHA,3
8735-IJJEG,1
0564-MUUQK,1
5054-IEXZT,3
5834-ASPWA,3
0701-RFGFI,1
0019-EFAEP,4
5619-PTMIK,3
3737-XBQDD,2
5882-CMAZQ,0
5846-QFDFI,1
4445-KWOKW,2
3511-APPBJ,3
7967-HYCDE,2
2430-RRYUW,1
3948-XHGNA,3
3723-BFBGR,2
0565-IYCGT,0
5447-WZAFP,4
5110-CHOPY,1
5445-UTODQ,2
4425-OWHWB,0
7892-QVYKW,4
9675-ICXCT,0
1024-VRZHF,3
4703-MQYKT,0
9497-QCMMS,2
5692-ICXLW,2
0602-DDUML,0
2208-MPXIO,0
1960-UYCNN,3
0348-SDKOL,0
3190-FZATL,0
7336-RLLRH,0
4373-MAVJG,4
8901-HJXTF,3
7710-JSYOA,1
5419-KLXBN,2
3424-NMNBO,1
9885-MFVSU,0
4514-GFCFI,3
0607-MVMGC,2
3365-SAIGS,3
9828-AOQLM,1
8022-BECSI,0
8000-REIQB,2
9993-LHIEB,0
0266-CLZKZ,0
7615-ESMYF,1
3858-VOBET,3
7020-OZKXZ,2
3977-QCRSL,0
0017-DINOC,0
1447-PJGGA,4
8565-CLBZW,4
9139-WQQDY,2
0224-HJAPT,2
8086-OVPWV,2
9430-FRQOC,0
7639-OPLNG,0
3074-GQWYX,2
1492-QGCLU,0
6845-RGTYS,3
7328-OWMOM,0
4418-LZMSV,0
5155-AZQPB,3
8861-HGGKB,3
1087-GRUYI,0
7065-YUNRY,3
7694-VLBWQ,3
2546-KZAAT,2
0181-RITDD,1
5989-PGKJB,4
4795-KTRTH,2
8272-ONJLV,3
1488-PBLJN,1
0308-GIQJT,1
3778-FOAQW,0
4452-ROHMO,0
6481-OGDOO,3
3090-LETTY,2
5349-AZPEW,3
3753-TSEMP,2
8305-VHZBZ,0
9720-JJJOR,3
8100-HZZLJ,3
8775-ERLNB,3
8309-IEYJD,3
9172-JITSM,2
6298-QDFNH,4
7398-HPYZQ,0
3546-GHEAE,0
7361-YPXFS,0
6557-BZXLQ,4
2550-QHZGP,0
7519-JTWQH,1
2538-OIMXF,2
8543-MSDMF,3
9961-JBNMK,2
1170-SASML,1
4872-JCVCA,0
5346-BZCHP,0
2038-LLMLM,1
6173-ITPWD,3
9734-UYXQI,3
1216-BGTSP,0
4138-NAXED,2
2189-UXTKY,0
0744-BIKKF,0
7483-IQWIB,2
5248-KWLAR,0
4958-GZWIY,2
7996-MHXLW,0
7833-PKIHD,0
7061-OVMIM,0
5153-RTHKF,2
1852-QSWCD,0
4832-VRBMR,2
9079-LWTFD,1
6356-ELRKD,2
8624-GIOUT,3
3392-EHMNK,0
5986-WWXDV,0
3061-BCKYI,0
6179-GJPSO,1
7901-TBKJX,2
7228-PAQPD,0
3177-LASXD,2
7746-QYVCO,3
5804-HYIEZ,3
9919-FZDED,2
5934-TSSAU,1
3486-KHMLI,0
4897-QSUYC,0
1084-UQCHV,1
8290-YWKHZ,3
2955-BJZHG,4
3806-DXQOM,2
6784-XYJAE,2
3933-DQPWX,0
6661-EIPZC,0
8957-THMOA,0
2251-PYLPB,0
5555-RNPGT,0
1057-FOGLZ,0
9300-RENDD,1
0761-AETCS,0
8087-LGYHQ,2
4137-BTIKL,1
2190-BCXEC,1
6227-FBDXH,2
2153-MREFK,1
2911-WDXMV,3
7206-PQBBZ,3
3106-ULWFW,1
0925-VYDLG,2
4547-FZJWE,1
7422-WNBTY,2
0842-IWYCP,1
3521-HTQTV,0
3744-ZBHON,0
3373-DIUUN,0
8383-SGHJU,0
7607-QKKTJ,3
7707-PYBBH,0
8984-HPEMB,0
4349-GFQHK,3
4139-DETXS,0
9779-DPNEJ,2
9805-FILKB,0
5793-YOLJN,0
0673-IGUQO,0
4123-FCVCB,0
8819-IMISP,2
7802-EFKNY,1
8311-UEUAB,2
5858-EAFCZ,2
8035-BUYVG,3
1163-ONYEY,1
9787-XVQIU,2
8945-MUQUF,2
5656-MJEFC,0
6082-OQFBA,0
8051-HJRLT,3
8974-OVACP,0
4010-YLMVT,2
1379-FRVEB,1
8612-GXIDD,0
6288-CHQJB,0
8160-HOWOX,1
3023-GFLBR,2
6648-INWPS,0
4223-BKEOR,1
4079-VTGLK,2
1763-WQFUK,0
1391-UBDAR,4
8894-JVDCV,1
2023-VQFDL,0
1345-GKDZZ,0
2014-MKGMH,3
5628-FCGYG,1
2560-WBWXF,0
0248-IPDFW,3
7978-DKUQH,1
4335-UPJSI,0
0524-IAVZO,3
2737-YNGYW,3
1784-EZDKJ,2
9297-FVVDH,0
8007-YYPWD,0
7101-HRBLJ,0
5159-YFPKQ,4
6635-CPNUN,2
4021-RQSNY,2
5453-YBTWV,0
5039-LZRQT,0
2931-VUVJN,1
9061-TIHDA,3
8699-ASUFO,3
6418-PIQSP,0
8220-OCUFY,0
3995-WFCSM,1
1895-QTKDO,1
2038-OEQZH,3
1178-PZGAB,0
7927-AUXBZ,0
2626-VEEWG,0
2878-RMWXY,3
1657-DYMBM,0
7311-MQJCH,0
7375-WMVMT,2
1136-XGEQU,0
2530-FMFXO,1
6844-DZKRF,0
4695-WJZUE,4
7619-ODSGN,1
5970-GHJAW,0
8879-XUAHX,1
3689-MOZGR,0
4195-PNGZS,0
5003-XZWWO,0
3988-RQIXO,4
7622-FWGEW,0
6922-NCEDI,0
2514-GINMM,4
9891-NQDBD,0
6131-IUNXN,0
8548-AWOFC,0
9798-DRYDS,0
8532-UEFWH,0
6296-DDOOR,2
7951-VRDVK,0
5931-FLJJF,1
4815-YOSUK,1
2659-VXMWZ,2
0380-NEAVX,1
3207-OYBWH,3
4285-GYRQC,4
7216-EWTRS,3
4365-MSDYN,0
7036-TYDEC,1
5802-ADBRC,2
8076-FEZKJ,0
5197-YPYBZ,0
8337-MSSXB,3
4312-GVYNH,0
8495-LJDFO,1
0839-JTCUD,0
5494-WOZRZ,0
1302-UHBDD,3
2234-EOFPT,0
8619-IJNDK,0
8378-LKJAF,1
8182-BJDSI,1
2528-HFYZX,3
1153-GNOLC,3
3298-QEICA,0
0788-DXBFY,0
3597-YASZG,2
3496-LFSZU,2
5242-UOWHD,0
2482-CZGBB,4
6479-SZPLM,0
8097-VBQTZ,0
4500-HKANN,0
9917-KWRBE,3
3420-ZDBMA,2
2212-LYASK,1
1393-IMKZG,1
8069-RHUXK,0
3398-GCPMU,0
2908-WGAXL,0
3378-AJRAO,0
1013-QCWAM,4
0866-QLSIR,0
6050-FFXES,0
7181-BQYBV,4
0362-RAOQO,0
9554-DFKIC,2
5527-ACHSO,0
0829-DDVLK,0
1399-UBQIU,2
1813-JLKWR,0
0336-PIKEI,0
7322-OCWHC,2
9537-VHDTA,1
4957-TIALW,0
2054-PJOCK,0
9150-HEPMB,1
9030-QGZNL,0
6204-IEUXJ,1
3126-WQMGH,1
4529-CKBCL,3
2506-CLAKW,0
7176-WRTNX,0
1583-IHQZE,0
5732-IKGQH,1
9239-GZHZE,1
7205-BAIAD,0
0151-ONTOV,1
4140-MUHUG,4
0093-EXYQL,5
8064-RAVOH,2
0219-QAERP,0
0320-JDNQG,0
7180-PISOG,2
9168-INPSZ,1
3571-RFHAR,0
0015-UOCOJ,2
5334-AFQJB,1
2754-SDJRD,0
9578-VRMNM,1
1587-FKLZB,4
6140-QNRQQ,2
8963-JLGJT,2
4307-KTUMW,3
1465-LNTLJ,1
5440-FLBQG,0
2135-DQWAQ,1
4056-QHXHZ,0
7470-MCQTK,2
7488-MXJIV,2
7401-JIXNM,0
9339-FIIJL,0
2027-FECZV,2
2672-DZUOY,2
4706-DGAHW,3
3870-MQAMG,0
6670-MFRPK,1
6177-PEVRA,1
4800-CZMPC,3
4813-HQMGZ,1
7579-KKLOE,0
7377-DMMRI,3
8402-EIVQS,2
4947-DSMXK,4
7245-NIIWQ,2
0002-ORFBO,0
3324-OIRTO,4
5414-OFQCB,1
4967-WPNCF,0
8552-OBVRU,2
8499-BRXTD,0
9154-QDGTH,0
8197-BFWVU,0
2577-GVSIL,0
9367-OIUXP,0
6770-UAYGJ,0
6463-HHXJR,2
7928-VJYAB,4
1187-WILMM,0
9776-OJUZI,5
1306-RPWXZ,0
8949-JTMAY,4
2774-LVQUS,1
3097-PYWXL,0
2266-SJNAT,0
0869-PAPRP,1
4238-JSSWH,3
2972-YDYUW,0
1104-FEJAM,2
2809-ILCYT,0
5499-ECUTN,3
4981-FLTMF,0
9121-PHQSR,3
3113-IWHLC,3
3211-ILJTT,3
4612-THJBS,4
4277-BWBML,0
4094-NSEDU,4
0234-TEVTT,1
4304-TSPVK,0
1552-AAGRX,1
2637-FKFSY,2
9796-MVYXX,1
7874-ECPQJ,0
0020-INWCK,3
7089-RKVSZ,0
2683-JXWQQ,3
9548-ZMVTX,1
8739-XNIKG,1
9755-JHNMN,0
3981-QSVQI,0
2789-HQBOU,2
9424-CMPOG,0
5067-WJEUN,2
3450-WXOAT,2
9251-WNSOD,3
6974-DAFLI,0
2616-UUTFK,3
7064-JHXCE,0
5103-MHMHY,1
7989-AWGEH,2
4373-VVHQL,2
4559-UWIHT,2
7268-IGMFD,1
1846-XWOQN,2
0235-KGSLC,2
6650-BWFRT,0
9570-KYEUA,1
6993-YGFJV,0
2712-SYWAY,0
0730-BGQGF,0
5498-IBWPI,0
9101-NTIXF,0
0013-SMEOE,1
9314-QDMDW,1
9308-ANMVE,3
2884-GBPFB,2
3757-NJYBX,3
3413-DHLPB,1
7649-PHJVR,0
6114-TCFID,0
3787-TRIAL,3
2573-GYRUU,4
5156-UMKOW,3
1247-QBVSH,3
6734-GMPVK,3
9822-OAOVB,1
6161-ERDGD,0
1226-JZNKR,0
7318-EIVKO,3
3771-PZOBW,3
5136-KCKGI,2
8231-BSWXX,2
6486-LHTMA,1
4083-BFNYK,5
3722-WPXTK,3
7389-KBFIT,2
7176-WIONM,2
5141-ZUVBH,1
1089-HDMKP,0
7623-HKYRK,0
0310-SUCIN,0
5197-PYEPU,4
2929-ERCFZ,2
7548-SEPYI,2
8835-VSDSE,4
6619-RPLQZ,0
3275-RHRNE,0
3503-TYDAY,2
6901-GOGZG,0
1623-NLDOT,0
7021-XSNYE,0
9621-OUPYD,0
9898-KZQDZ,3
8982-NHAVY,3
4307-KWMXE,0
0141-YEAYS,5
2450-ZKEED,0
3694-DELSO,3
3893-JRNFS,2
9603-OAIHC,4
1133-KXCGE,0
5236-PERKL,1
0142-GVYSN,0
1049-FYSYG,1
7854-FOKSF,1
2519-FAKOD,4
8406-LNMHF,3
1821-BUCWY,2
8263-JQAIK,3
0023-UYUPN,0
8314-DPQHL,0
1465-WCZVT,0
9481-SFCQY,1
6360-SVNWV,2
0567-GGCAC,2
7089-IVVAZ,0
8884-MRNSU,0
2171-UDMFD,0
9050-IKDZA,4
2205-YMZZJ,4
9802-CAQUT,1
1254-IZEYF,4
0187-WZNAB,2
9492-TOKRI,4
1475-VWVDO,2
9221-OTIVJ,3
1357-MVDOZ,3
7602-MVRMB,0
3325-FUYCG,1
5908-QMGOE,2
1197-BVMVG,1
5406-KGRMX,0
8481-YYXWG,0
5968-HYJRZ,0
5198-EFNBM,3
7516-GMHUV,3
7140-ADSMJ,0
2230-XTUWL,0
7706-YLMQA,0
2585-KTFRE,0
7994-UYIVZ,2
2609-IAICY,2
1740-CSDJP,2
7717-BICXI,0
6559-RAKOZ,1
2636-OHFMN,2
4716-MRVEN,0
2143-LJULT,0
1323-OOEPC,3
3200-MNQTF,0
6164-HXUGH,0
5630-IXDXV,1
0320-DWVTU,1
9135-MGVPY,0
1212-GLHMD,2
7878-JGDKK,2
1088-AUUZZ,0
0397-GZBBC,3
6614-YWYSC,1
9588-OZDMQ,1
7641-EUYET,4
6476-EPYZR,0
9921-ZVRHG,2
1174-FGIFN,0
6620-HVDUJ,0
4701-MLJPN,0
1032-MAELW,0
7641-TQFHN,0
1552-TKMXS,0
9206-GVPEQ,0
8622-ZLFKO,3
1596-BBVTG,1
6188-UXBBR,0
2333-KWEWW,0
5702-SKUOB,0
1134-YWTYF,0
6061-GWWAV,1
0679-TDGAK,0
6585-WCEWR,0
9067-YGSCA,0
9067-SQTNS,0
8433-WXGNA,4
1776-SPBWV,0
8735-SDUFN,0
9668-PUGNU,0
9405-GPBBG,0
1926-QUZNN,0
3707-GNWHM,4
7016-NVRIC,3
5829-NVSQN,0
9565-AXSMR,0
8922-LIEGH,2
8869-LIHMK,1
8245-UMPYT,2
5186-SAMNZ,3
0447-RXSGD,3
4927-WWOOZ,2
5788-YPOEG,0
5373-SFODM,4
0661-KBKPA,0
9081-WWXKP,0
0784-ZQJZX,0
3133-PZNSR,0
5766-ZJYBB,0
8931-GJJIQ,3
4277-PVRAN,1
0022-TCJCI,1
0722-SVSFK,1
3612-YVGSJ,0
9825-YCXWZ,1
5397-NSKQG,3
8565-HBFNN,1
2000-DHJUY,1
0203-HHYIJ,0
8670-ERCJH,0
7758-UJWYS,0
2050-ONYDQ,0
7055-JCGNI,1
0739-UUAJR,2
4826-DXMUP,0
0952-KMEEH,2
7285-KLOTR,1
0654-PQKDW,0
7175-NTIXE,0
7963-SHNDT,0
9796-BPKIW,3
0188-GWFLE,0
8129-GMVGI,0
2882-DDZPG,0
3547-LQRIK,0
9137-NOQKA,0
5843-TTHGI,1
1849-RJYIG,2
8868-GAGIO,2
4061-UKJWL,1
5380-XPJNZ,0
8263-QMNTJ,1
8178-EYZUO,3
3230-JCNZS,1
0277-ORXQS,0
5130-IEKQT,3
3230-WYKIR,0
7996-BPXHY,0
3227-WLKLI,0
0407-BDJKB,3
2266-FUBDZ,0
8237-ULIXL,0
9600-UDOPK,4
8216-AZUUZ,0
9153-BTBVV,0
4074-SJFFA,2
3269-ATYWD,5
5186-PEIZU,0
1074-AMIOH,0
4910-GMJOT,2
0354-WYROK,1
4361-FEBGN,0
7748-UMTRK,1
0380-ZCSBI,0
7145-FEJWU,2
6463-MVYRY,0
3969-JQABI,3
9624-EGDEQ,0
1051-EQPZR,0
5849-ASHZJ,0
5780-INQIK,0
7576-OYWBN,3
4526-ZJJTM,2
8384-FZBJK,2
3750-RNQKR,0
0962-CQPWQ,0
3096-YXENJ,0
1265-BCFEO,0
5837-LXSDN,1
5945-AZYHT,3
8325-QRPZR,4
6384-VMJHP,0
2262-SLNVK,1
7730-CLDSV,0
1135-HIORI,0
0164-APGRB,1
6481-ESCNL,3
1790-NESIO,0
1550-EENBN,2
5539-TMZLF,2
4323-SADQS,0
4446-BZKHU,4
5202-IVJNU,1
5976-JCJRH,1
8198-RKSZG,0
0137-OCGAB,2
3351-NQLDI,1
9297-EONCV,0
7593-JNWRU,2
4588-YBNIB,0
1069-QJOEE,0
3336-JORSO,1
7799-DSEWS,0
8766-PAFNE,0
5315-CKEQK,1
3130-ICDUP,3
0820-FNRNX,0
0880-FVFWF,2
4611-ANLQC,3
4213-HKBJO,0
2792-LSHWX,0
5028-GZLDO,4
0014-BMAQU,0
6861-XWTWQ,2
9018-PCIOK,1
4837-QUSFT,1
6877-TJMBR,1
9953-ZMKSM,0
0907-HQNTS,2
7665-NKLAV,0
6769-DCQLI,1
2433-KMEAS,2
4391-LNRXK,1
8250-ZNGGW,1
2195-ZRVAX,2
3550-SAHFP,3
2011-TRQYE,1
8562-GHPPI,0
5893-PYOLZ,0
4986-MXSFP,0
6131-FOYAS,1
3027-YNWZU,0
5609-IMCGG,4
4873-ILOLJ,2
4727-MCYZG,3
9481-WHGWY,0
2725-KXXWT,2
9565-DJPIB,3
4328-VUFWD,0
3301-LSLWQ,2
7473-ZBDSN,0
3166-PNEOF,0
5639-NTUPK,1
8780-YRMTT,0
8348-HFYIV,3
5140-FOMCQ,1
6242-SGYTS,3
8166-ORCHU,0
8414-OOEEL,0
8454-AATJP,1
6849-WLEYG,0
4659-NZRUF,3
4531-AUZNK,1
4191-XOVOM,0
2150-OEGBV,0
8429-XIBUM,1
1855-CFULU,1
4878-BUNFV,0
1872-EBWSC,0
2608-BHKFN,2
7026-YMSBE,0
7341-LXCAF,2
6997-UVGOX,0
9674-EHPPG,0
9462-MJUAW,2
8128-YVJRG,2
5440-VHLUL,0
5781-BKHOP,2
4283-FUTGF,3
5213-TWWJU,0
1569-TTNYJ,1
8628-MFKAX,1
2397-BRLOM,2
7629-WIXZF,1
5445-GLVOT,2
3976-HXHCE,0
2466-NEJOJ,0
0254-KCJGT,0
5472-CVMDX,0
6461-SZMCV,0
8150-QUDFX,0
9508-ILZDG,1
2346-DJQTB,3
1697-LYYYX,0
1942-OQFRW,1
4749-VFKVB,2
9640-ZSLDC,3
4231-LZUYM,0
7598-UAASY,4
7938-OUHIO,1
8510-AWCXC,5
6128-AQBMT,2
3594-BDSOA,0
0431-APWVY,2
5133-VRSAB,2
5996-DAOQL,0
6838-YAUVY,0
0484-JPBRU,0
7883-ROJOC,2
0244-LGNFY,0
7274-CGTOD,0
4295-YURET,0
3426-NIYYL,2
8225-BTJAU,3
4635-EJYPD,0
1866-ZSLJM,0
4636-TVXVG,0
4236-UJPWO,1
9392-XBGTD,0
3387-VATUS,2
6402-SSEJG,3
1143-NMNQJ,3
1169-SAOCL,0
1110-KYLGQ,4
9929-PLVPA,0
3518-PZXZQ,1
2371-JUNGC,0
7693-QPEFS,2
0924-BJCRC,2
5074-FBGHB,0
2351-BKRZW,2
4455-BFSPD,0
0415-MOSGF,3
1724-BQUHA,4
3948-KXDUF,0
2323-ARSVR,1
0815-MFZGM,1
4826-XTSOH,4
5480-XTFFL,0
8295-FHIVV,0
2495-INZWQ,2
9086-YJYXS,2
1179-INLAT,0
7909-FIOIY,2
4139-SUGLD,0
6857-VWJDT,1
6351-SCJKT,0
5468-BPMMO,0
5624-BQSSA,0
0197-PNKNK,4
2439-QKJUL,0
1194-SPVSP,0
9534-NSXEM,0
2408-WITXK,1
8929-KSWIH,1
2250-IVBWA,1
1810-MVMAI,0
9506-UXUSK,2
1229-RCALF,1
3572-UOLYZ,0
1429-UYJSV,0
5577-OTWWW,0
6100-QQHEB,3
6366-XIVKZ,2
3470-OBUET,0
2770-NSVDG,2
9375-MHRRS,0
2634-HCZGT,0
7503-QQRVF,1
4860-YZGZM,0
6599-GZWCM,3
2691-NZETQ,1
4404-HIBDJ,0
5533-NHFRF,0
7037-MTYVW,0
4760-THGOT,3
7295-JOMMD,0
4016-BJKTZ,1
6584-VQMYT,1
9838-BFCQT,0
2790-XUYMV,2
0581-MDMPW,4
5013-SBUIH,0
1023-BQXZE,3
9163-GHAYE,3
3904-UKFRE,1
5353-WILCI,3
0709-TVGUR,1
0058-EVZWM,4
6023-YEBUP,4
7209-JCUDS,2
7009-PCARS,0
0519-DRGTI,0
1017-FBQMM,1
3001-CBHLQ,0
1985-MBRYP,0
6158-DWPZT,1
9372-TXXPS,0
3259-QMXUN,1
1015-JPFYW,0
6645-MXQJT,3
4360-QRAVE,2
8433-WPJTV,1
5804-JMYIO,0
3763-GCZHZ,1
6484-LATFU,0
7599-NTMDP,0
0772-GYEQQ,1
0536-ACXIP,2
0936-NQLJU,0
4831-EOBFE,3
1575-KRZZE,1
3251-YMVWZ,0
4102-OQUPX,3
9170-GYZJC,0
4884-LEVMQ,0
8857-CUPFQ,0
7610-TVOPG,0
3638-DIMPH,2
1845-ZLLIG,2
8559-WNQZS,0
3999-QGRJH,4
1699-UOTXU,3
2454-RPBRZ,5
0635-WKOLD,0
5993-JSUWV,2
4518-FZBSX,0
5387-ASZNZ,1
6988-CJEYV,4
2002-MZHWP,0
3097-FQTVJ,0
5465-BUBFA,0
7299-GNVPL,1
9743-DQKQW,1
1215-VFYVK,0
9371-BITHB,0
2265-CYWIV,3
9093-FPDLG,0
0541-FITGH,1
6985-HAYWX,3
7508-KBIMB,3
6838-HVLXG,0
2277-DJJDL,0
1897-OKVMW,0
5485-ITNPC,0
0233-FTHAV,4
4644-PIZRT,2
8922-NPKBJ,0
2740-TVLFN,1
7771-CFQRQ,0
9512-PHSMG,0
6963-EZQEE,0
2452-KDRRH,3
2004-OCQXK,3
5027-QPKTE,2
4146-SVFUD,2
1564-HJUVY,0
3617-XLSGQ,3
7517-LDMPS,2
7244-KXYZN,0
5226-NOZFC,3
2672-HUYVI,2
1400-WIVLL,1
7508-MYBOG,2
8148-NLEGT,0
0148-DCDOS,4
8347-GDTMP,0
9992-RRAMN,2
6746-WAUWT,0
0310-MVLET,1
0428-IKYCP,4
4550-VBOFE,5
2187-PKZAY,3
4003-OCTMP,0
6652-YFFJO,1
7225-IILWY,0
5248-RPYWW,1
7923-IYJWY,1
3170-GWYKC,0
5696-QURRL,1
7409-KIUTL,4
9830-ECLEN,3
1732-VHUBQ,3
0495-RVCBF,2
2668-TZSPS,0
7854-EDSSA,1
8869-TORSS,0
7446-SFAOA,0
9522-ZSINC,0
8234-GSZYK,0
6505-OZNPG,0
6164-HAQTX,0
0679-IDSTG,5
7765-LWVVH,2
1658-TJVOA,4
0953-LGOVU,0
2115-BFTIW,4
4692-NNQRU,1
7742-MYPGI,0
0611-DFXKO,4
7780-OTDSO,3
9619-GSATL,0
5622-UEJFI,0
9747-DDZOS,3
0674-DGMAQ,3
6203-HBZPA,0
0484-FFVBJ,1
0301-FIDRB,0
4139-JPIAM,0
2181-TIDSV,0
2761-XECQW,2
1936-CZAKF,1
9453-PATOS,0
0564-JJHGS,2
3348-CFRNX,2
4402-FTBXC,3
1428-GTBJJ,2
2931-XIQBR,1
0106-UGRDO,1
5542-TBBWB,3
1930-QPBVZ,0
2606-PKWJB,0
5322-ZSMZY,0
8059-UDZFY,2
7740-BTPUX,2
5220-AGAAX,0
0208-BPQEJ,0
9435-JMLSX,0
3352-ALMCK,2
5312-IRCFR,2
5294-IMHHT,1
8802-UNOJF,1
6313-GIDIT,4
6176-YJWAS,2
5310-NOOVA,0
4526-EXKKN,0
5311-IHLEI,0
3987-KQDDU,4
3404-JNXAX,0
5131-PONJI,3
2845-AFFTX,4
3489-VSFRD,0
3345-JHUEO,0
5815-HGGHV,0
5260-UMPWX,0
2249-YPRNG,1
7410-YTJIK,2
4626-GYCZP,2
5649-RXQTV,4
2674-MIAHT,3
2576-HXMPA,0
7587-AOVVU,1
5590-BYNII,3
6898-MDLZW,0
3237-AJGEH,0
4707-YNOQA,0
9357-UJRUN,0
1591-NFNLQ,2
8648-PFRMP,4
7663-CUXZB,1
0258-NOKBL,4
1163-VIPRI,0
2815-CPTUL,3
9348-ROUAI,0
9443-JUBUO,0
0596-BQCEQ,3
1481-ZUWZA,3
3043-TYBNO,0
4830-FAXFM,0
5906-BFOZT,0
2960-NKRSO,0
8996-ZROXE,1
5598-IKHQQ,0
0397-ZXWQF,0
5266-PFRQK,0
4674-HGNUA,0
6765-MBQNU,0
9786-IJYDL,1
1303-SRDOK,3
3769-MHZNV,0
6295-OSINB,3
3308-MHOOC,0
2309-OSFEU,1
2207-QPJED,0
4177-JPDFU,0
2239-CFOUJ,0
8046-DNVTL,0
2209-XADXF,2
6620-JDYNW,1
1891-FZYSA,3
4770-UEZOX,4
1038-RQOST,0
7613-LLQFO,2
4568-TTZRT,0
9513-DXHDA,0
2640-PMGFL,0
3801-HMYNL,4
0516-QREYC,1
9685-WKZGT,4
6022-UGGSO,4
8084-OIVBS,0
8896-BQTTI,0
3865-QBWSJ,5
3352-RICWQ,0
2160-GPFXD,0
2065-MMKGR,2
5857-TYBCJ,5
1498-NHTLT,0
4484-CGXFK,1
1402-PTHGN,0
4176-RELJR,1
6214-EDAKZ,0
5199-FPUSP,0
6377-KSLXC,0
1796-JANOW,0
0238-WHBIQ,0
8735-NBLWT,0
6651-RLGGM,0
6127-ISGTU,4
1614-JBEBI,0
8740-XLHDR,0
1208-DNHLN,3
1761-AEZZR,2
3923-CSIHK,2
5696-EXCYS,0
5795-KTGUD,1
7120-RFMVS,3
7924-GJZFI,2
4702-HDRKD,0
8512-WIWYV,0
5897-ZYEKH,4
5456-ITGIC,0
7317-GGVPB,0
1406-PUQVY,2
1322-AGOQM,1
3677-IYRBF,3
5692-FPTAH,3
9114-AAFQH,2
8715-KKTFG,1
1550-LOAHA,2
1728-BQDMA,1
0268-QKIWO,0
0876-WDUUZ,0
5117-ZSMHQ,0
5151-HQRDG,1
0960-HUWBM,1
6465-GSRCL,0
0617-FHSGK,2
0263-FJTQO,0
7319-ZNRTR,0
2858-MOFSQ,3
7503-EPSZW,0
7089-XXAYG,2
8118-LSUEL,1
8070-AAWZP,0
1666-JXLKU,1
7855-DIWPO,1
5133-POWUA,1
5652-MSDEY,4
7005-CCBKV,3
1810-BOHSY,2
1784-BXEFA,0
7351-MHQVU,0
9224-VTYID,0
9500-IWPXQ,0
5762-TJXGK,1
4504-YOULA,1
5569-IDSEY,1
4250-FDVOU,1
7284-ZZLOH,3
5277-ZLOOR,3
2141-RRYGO,1
1777-JYQPJ,3
6376-GAHQE,1
3401-URHDA,0
1599-EAHXY,0
8631-XVRZL,0
5052-PNLOS,1
3853-LYGAM,1
6979-ZNSFF,2
5751-USDBL,0
5680-LQOGP,0
2386-LAHRK,1
8189-DUKMV,0
6032-IGALN,1
9931-DCEZH,0
1898-JSNDC,1
0315-LVCRK,2
3911-RSNHI,0
2410-CIYFZ,0
4248-HCETZ,2
5505-OVWQW,0
7271-AJDTL,4
1867-TJHTS,1
0516-WJVXC,0
9174-FKWZE,0
6860-YRJZP,2
4429-WYGFR,0
2817-LVCPP,0
5038-ETMLM,1
5056-FIMPT,0
4521-WFJAI,0
6569-KTMDU,0
8809-RIHDD,2
8809-XKHMD,1
0396-YCHWO,2
0867-LDTTC,0
4822-NGOCH,2
9391-DXGGG,2
9844-FELAJ,2
2122-SZZZD,0
5307-DZCVC,5
3148-AOIQT,0
8679-JOEVF,1
8395-ETZKQ,1
6692-YQHXC,3
3889-VWBID,0
5222-JCXZT,0
9754-CLVZW,0
1432-FPAXX,3
2739-CCZMB,0
7080-TNUWP,1
0496-AHOOK,0
8336-TAVKX,1
2468-SJFLM,1
3181-VTHOE,0
7168-HDQHG,0
4803-AXVYP,0
3884-HCSWG,3
4567-AKPIA,0
5077-DXTCG,2
1142-WACZW,0
7901-HXJVA,2
5649-ANRML,1
4892-VLANZ,0
5924-IFQTT,0
7968-QUXNS,0
2919-HBCJO,2
4236-XPXAV,0
8903-WMRNW,3
2452-SNHFZ,3
3629-WEAAM,0
6029-CSMJE,2
7993-NQLJE,1
9909-DFRJA,1
9099-FTUHS,2
0581-BXBUB,4
4962-CHQPW,0
9467-ROOLM,0
3030-YZADT,3
7410-KTVFV,2
5150-ITWWB,3
2253-KPMNB,0
1345-ZUKID,0
6429-SHBCB,1
9281-OFDMF,2
2603-HVKCG,3
1834-WULEG,0
9097-ZUBYC,0
5148-ORICT,0
4893-GYUJU,0
4578-PHJYZ,0
7272-QDCKA,4
8908-SLFCJ,0
8393-DLHGA,3
9766-HGEDE,0
6968-MHOMU,3
7395-IGJOS,3
5044-XDPYX,0
1814-WFGVS,0
2834-SPCJV,3
3721-WKIIL,0
6734-CKRSM,0
1265-ZFOSD,0
6568-POCUI,1
7890-VYYWG,1
5197-LQXXH,0
9907-SWKKF,2
3457-PQBYH,0
7682-AZNDK,4
0587-DMGBH,3
5384-ZTTWP,0
3745-HRPHI,0
7636-OWBPG,2
1231-YNDEK,0
1407-DIGZV,0
6397-JNZZG,3
0570-BFQHT,2
4393-OBCRR,0
3523-QRQLL,2
8564-LDKFL,2
3696-DFHHB,0
0895-DQHEW,3
4717-GHADL,0
5501-TVMGM,1
5879-HMFFH,0
6772-WFQRD,0
3810-DVDQQ,1
6972-SNKKW,0
3694-GLTJM,0
8550-XSXUQ,3
8149-RSOUN,2
9055-MOJJJ,0
4359-INNWN,0
0585-EGDDA,3
4032-RMHCI,1
0549-CYCQN,3
3481-JHUZH,3
7250-EQKIY,3
3594-IVHJZ,0
6869-FGJJC,2
3896-ZVNET,0
8205-VSLRB,0
5960-MVTUK,0
6817-WTYHE,2
3082-VQXNH,2
4013-UBXWQ,0
4931-TRZWN,2
0750-EKNGL,0
7669-LCRSD,3
3567-PQTSO,2
5519-NPHVG,4
8043-PNYSD,0
9938-EKRGF,0
2703-AMTUL,2
0928-JMXNP,3
8173-RXAYP,0
4825-XJGDM,0
5402-HTOTQ,3
6734-JDTTV,0
7850-THJMU,0
3890-RTCMS,0
8849-GYOKR,3
3148-BLQJT,0
3717-FDJFU,0
3665-JATSN,1
7966-YOTQW,1
0461-CVKMU,0
8806-EAGWC,1
8853-TZDGH,1
7779-LGOVN,3
4324-BZCKL,1
6924-TDGMT,0
9710-ZUSHQ,3
1536-YHDOE,0
8123-QBNAZ,3
3629-ZNKXA,2
4827-LTQRJ,0
7711-YIJWC,0
5482-VXSXJ,3
7365-BVCJH,1
9620-ENEJV,4
4183-WCSEP,1
2378-YIZKA,0
5498-TXHLF,1
0689-DSXGL,0
6818-DJXAA,1
9722-UJOJR,3
0464-WJTKO,0
8902-ZEOVF,0
6778-EICRF,2
2662-NNTDK,0
4132-KALRO,1
3902-FOIGH,4
6772-KSATR,2
7112-OPOTK,3
2874-YXVVA,1
1245-HARPS,0
4210-QFJMF,3
4323-ELYYB,0
4293-ETKAP,0
6064-PUPMC,0
6504-VBLFL,1
6322-PJJDJ,2
0330-BGYZE,2
1085-LDWAM,0
7586-ZATGZ,2
7197-VOJMM,0
3318-OSATS,5
5828-AVIPD,1
1843-TLSGD,0
9626-VFRGG,2
7075-BNDVQ,1
9143-CANJF,0
7284-BUYEC,1
2041-JIJCI,3
1086-LXKFY,3
4900-MSOMT,0
2229-VWQJH,3
9194-GFVOI,0
1336-EZFZY,0
4282-MSACW,0
1403-LKLIK,0
2636-ALXXZ,2
7774-OJSXI,2
7786-WBJYI,2
0136-IFMYD,1
5144-TVGLP,4
9643-AVVWI,0
0253-ZTEOB,0
2706-QZIHY,0
6061-PQHMK,0
9885-CSMWE,4
6137-MFAJN,1
9122-UMROB,0
4232-JGKIY,0
2402-TAIRZ,2
9659-ZTWSM,1
9139-TWBAS,1
6685-GBWJZ,0
5016-ETTFF,2
3866-MDTUB,3
2195-VVRJF,2
3913-RDSJZ,0
8058-JMEQO,1
4203-QGNZA,0
5043-TRZWM,3
0697-ZMSWS,1
7657-DYEPJ,1
9494-BDNNC,3
1640-PLFMP,2
5366-OBVMR,0
8276-MQBYC,3
7644-OMVMY,0
7593-XFKDI,1
4573-JKNAE,0
0337-CNPZE,2
9817-APLHW,0
8380-MQINP,0
0840-DFEZH,3
1513-XNPPH,0
8690-ZVLCL,0
6015-VVHHE,3
1125-SNVCK,2
0384-LPITE,2
4616-EWBNJ,0
6347-DCUIK,2
1335-HQMKX,3
2545-EBUPK,2
6923-AQONU,0
2172-EJXVF,2
0897-FEGMU,4
7663-RGWBC,1
1120-BMWUB,0
9124-LHCJQ,3
4536-PLEQY,2
7029-IJEJK,0
8871-JLMHM,1
2235-ZGKPT,1
3891-PUQOD,1
5447-VYTKW,0
3623-FQBOX,0
0689-NKYLF,4
8659-HDIYE,1
3658-KIBGF,3
3474-BAFSJ,0
5519-YLDGW,3
3865-ZFZIB,0
1855-AGAWH,2
7109-CQYUZ,0
1370-GGAWX,2
4680-KUTAJ,3
5307-UVGNB,2
4946-EDSEW,0
2883-ILGWO,1
2516-VQRRV,4
7580-UGXNC,2
3642-BYHDO,0
9629-NHXFW,0
2696-RZVZW,0
5766-FTRTS,0
0396-HUJBP,0
5178-LMXOP,5
8879-ZKJOF,0
6285-FTQBF,0
8185-UPYBR,3
4585-HETAI,3
7526-BEZQB,2
1474-JUWSM,0
3530-CRZSB,0
8498-XXGWA,2
9617-INGJY,2
0621-TSSMU,0
7234-KMNRQ,0
7636-PEPNS,1
4683-WYDOU,1
9052-DHNKM,2
6794-HKIAJ,2
5578-NKCXI,4
1642-HMARX,0
3096-WPXBT,3
8434-PNQZX,0
5950-AAAGJ,2
4299-OPXEJ,0
4951-UKAAQ,1
9618-LFJRU,0
6693-DJWTY,1
0744-GKNGE,0
6447-EGDIV,0
1167-OYZJF,0
2108-YKQTY,2
4806-DXQCE,1
4918-QLLIW,2
7056-IMHCC,4
4854-SSLTN,0
5294-DMSFH,1
4837-PZTIC,0
1625-JAIIY,3
0603-OLQDC,3
3272-VUHPV,0
4176-FXYBO,4
1063-DHQJF,1
8663-UPDGF,2
6719-FGEDO,1
1837-YQUCE,0
2947-DOMLJ,1
4112-LUEIZ,4
0369-ZGOVK,3
4510-HIMLV,4
9919-KNPOO,4
8749-JMNKX,4
7872-BAAZR,0
9391-LMANN,2
2430-USGXP,3
8174-TBVCF,0
1698-XFZCI,2
1877-HKBQX,0
4450-DLLMH,2
0428-AXXLJ,0
2746-DIJLO,3
5955-ERIHD,2
0917-EZOLA,4
3508-VLHCZ,0
4086-ATNFV,1
0468-YRPXN,0
5996-NRVXR,1
3739-YBWAB,3
7047-FWEYA,0
2000-MPKCA,3
9762-YAQAA,2
5949-EBSQK,0
5473-KHBPS,2
0100-DUVFC,2
5397-TUPSH,4
8950-MTZNV,3
0326-VDYXE,3
6773-LQTVT,2
7274-RTAPZ,4
0436-TWFFZ,0
8566-YPRGL,0
0311-UNPFF,1
6609-MXJHJ,0
2669-OIDSD,0
8400-WZICQ,1
3834-XUIFC,1
9576-SYUHJ,1
0410-IPFTY,2
2831-EBWRN,3
9430-NKQLY,0
8414-MYSHR,5
0247-SLUJI,0
9402-ORRAH,1
6483-OATDN,1
1293-HHSHJ,0
4840-ORQXB,3
7599-FKVXZ,0
3982-DQLUS,3
8610-ZIKJJ,0
3756-VNWDH,5
7801-KICAO,2
7673-LPRNY,1
8229-TNIQA,2
6060-QBMGV,0
7339-POGZN,2
2828-SLQPF,1
4465-VDKIQ,3
2921-XWDJH,1
6221-AVQYL,1
2558-BUOZZ,4
9257-AZMTZ,0
0003-MKNFE,1
0975-UYDTX,0
7743-EXURX,3
4682-BLBUC,0
0975-VOOVL,1
5968-VXZLG,1
5569-KGJHX,2
4988-IQIGL,2
5201-FRKKS,4
9799-CAYJJ,2
7730-IUTDZ,2
0426-TIRNE,0
5443-SCMKX,1
8295-KMENE,0
6738-ISCBM,2
9821-BESNZ,0
3678-MNGZX,0
1335-NTIUC,1
2916-BQZLN,1
4558-CGYCZ,0
2368-GAKKQ,0
8710-YGLWG,3
3199-XGZCY,2
3785-KTYSH,0
6814-ZPWFQ,0
4063-EIKNQ,0
6993-YCOBK,0
5206-HPJKM,1
7587-RZNME,3
0748-RDGGM,0
8393-JMVMB,0
5019-GQVCR,4
6036-TTFYU,0
2550-AEVRU,2
0969-RGKCU,0
0378-CJKPV,0
4706-AXVKM,3
5889-JTMUL,3
9026-RNUJS,1
3746-EUBYR,1
2332-EFBJY,0
2880-FPNAE,2
1703-MGIAB,0
4311-QTTAI,0
9474-PHLYD,2
4318-RAJVY,0
2165-VOEGB,1
3612-YUNGG,1
2254-DLXRI,2
5062-CJJKH,1
9028-LIHRP,0
2219-MVUSO,1
1053-MXTTK,1
1530-ZTDOZ,3
1301-LOPVR,0
0853-TWRVK,0
8914-RBTSB,2
6212-ATMLK,3
8200-LGKSR,0
1568-BEKZM,0
0670-ANMUU,1
6897-RWMUB,0
0963-ZBDRN,1
7594-RQHXR,2
6999-CHVCF,2
6134-KWTBV,0
1077-HUUJM,2
6331-EWIEB,2
0895-LNKRC,0
2045-BMBTJ,3
8417-GSODA,4
5171-EPLKN,0
4452-QIIEB,2
5998-VVEJY,1
1624-NALOJ,1
6741-EGCBI,2
7820-ZYGNY,1
4317-VTEOA,2
9677-AVKED,0
1670-SVOWZ,0
2227-JRSJX,1
9847-HNVGP,0
6696-YDAYZ,0
8980-WQFWL,3
1730-ZMAME,3
6506-EYCNH,0
4634-JLRJT,0
9501-UKKNL,0
2560-QTSBS,0
7541-YLXCL,0
4795-WRNVT,3
6080-TCMYC,3
0260-ZDLGK,0
7860-UXCRM,0
6357-JJPQT,1
2292-XQWSV,0
9552-TGUZV,3
5913-INRQV,1
8722-NGNBH,0
6210-KBBPI,1
9643-YBLUR,1
8734-FNWVH,1
9447-YPTBX,0
0133-BMFZO,1
6128-CZOMY,1
9540-JYROE,3
9026-LHEVG,2
2260-USTRB,2
3656-TKRVZ,2
7011-CVEUC,0
6185-TASNN,2
7925-PNRGI,0
8623-TMRBY,2
1552-CZCLL,0
3038-PQIUY,2
1501-SGHBW,2
9313-CDOGY,0
8148-BPLZQ,1
2623-DRYAM,3
9987-LUTYD,0
3208-YPIOE,2
4488-KQFDT,1
2612-RANWT,4
5693-PIPCS,1
0491-KAPQG,2
1925-LFCZZ,3
8039-EQPIM,0
6900-PXRMS,3
8707-RMEZH,2
3346-BRMIS,3
3209-ZPKFI,1
6479-VDGRK,0
9373-WSLOY,1
2933-FILNV,1
3569-JFODW,0
9819-FBNSV,3
9544-PYPSJ,4
1591-XWLGB,0
0396-UKGAI,0
3243-ZHOHY,0
5186-EJEGL,0
7527-QNRUS,0
9986-BONCE,0
2722-JMONI,2
2203-GHNWN,2
3878-AVSOQ,4
3258-SYSWS,1
5296-PSYVW,0
6319-QSUSR,0
4083-EUGRJ,0
7579-OOPEC,4
0512-FLFDW,2
1771-OADNZ,3
0487-CRLZF,0
2107-FBPTK,2
9451-WLYRI,0
8219-VYBVI,0
1991-VOPLL,0
9738-QLWTP,1
1016-DJTSV,4
9419-IPPBE,3
0174-QRVVY,0
5699-BNCAS,1
2900-PHPLN,1
0612-RTZZA,3
8106-GWQOK,0
8751-EDEKA,1
6878-GGDWG,0
4039-PIMHX,3
8450-LUGUK,0
3604-WLABM,0
0795-GMVQO,4
2259-OUUSZ,0
1142-IHLOO,2
6410-LEFEN,3
4633-MKHYU,1
6257-RJOHI,0
1545-JFUML,4
3194-ORPIK,4
7826-VVKWT,2
1353-GHZOS,2
2587-EKXTS,3
5442-BXVND,0
8816-VXNZD,3
9378-FXTIZ,2
1723-HKXJQ,3
7825-GKXMW,3
9753-OYLBX,0
2364-UFROM,0
6656-JWRQX,0
6473-ULUHT,0
1240-KNSEZ,0
0836-SEYLU,0
4433-JCGCG,4
3716-BDVDB,4
7688-AWMDX,0
2842-BCQGE,1
7244-QWYHG,0
5899-MQZZL,3
6849-OYAMU,1
5312-UXESG,3
9488-HGMJH,3
6038-GCYEC,1
2150-WLKUW,3
7159-FVYPK,3
7032-LMBHI,1
1150-WFARN,0
6088-BXMRG,2
3144-AUDBS,0
4821-SJHJV,3
7346-MEDWM,4
1137-DGOWI,0
5616-PRTNT,0
3812-LRZIR,0
4818-QIUFN,4
9483-GCPWE,0
4227-OJHAL,1
9220-CXRSC,0
4993-JCRGJ,1
9537-JALFH,0
6698-OXETB,0
2103-ZRXFN,3
3724-BSCVH,0
4877-TSOFF,0
9209-NWPGU,0
6961-VCPMC,4
7306-YDSOI,1
5288-AHOUP,3
6688-UZPWD,2
0655-YDGFJ,3
8468-EHYJA,3
6823-SIDFQ,0
1097-FSPVW,2
2839-RFSQE,0
8328-SKJNO,0
7010-ZMVBF,0
5201-CBWYG,0
0968-GSIKN,2
1965-DDBWU,1
9057-SIHCH,1
6352-GIGGQ,0
3635-QQRQD,0
6771-XWBDM,2
2897-DOVND,3
3082-YVEKW,0
0191-EQUUH,0
7134-HBPBS,1
3489-HHPFY,4
2926-JEJJC,0
8601-QACRS,2
4950-BDEUX,3
5789-LDFXO,0
0508-OOLTO,3
2984-TBYKU,1
9822-WMWVG,1
2391-SOORI,3
9040-KZVWO,3
2645-QTLMB,4
4806-HIPDW,3
1548-ARAGG,0
6339-RZCBJ,0
4424-TKOPW,3
4415-WNGVR,1
2522-AHJXR,0
0412-UCCNP,0
1816-FLZDK,0
7096-UCLNH,0
8443-ZRDBZ,4
9136-ALYBR,3
4615-PIVVU,0
8885-QSQBX,3
7479-NITWS,4
8617-ENBDS,3
9385-NXKDA,2
0430-IHCDJ,2
2959-MJHIC,2
6674-KVJHG,0
1814-DKOLC,0
4201-JMNGR,4
9351-HXDMR,0
3537-HPKQT,1
2129-ALKBS,0
5821-MMEIL,0
5960-WPXQM,4
0684-AOSIH,3
8260-NGFNY,2
1309-XGFSN,1
1866-RZZQS,1
6968-URWQU,2
4742-TXUEX,0
9631-XEYKE,1
8631-NBHFZ,1
1335-MXCSE,0
8873-TMKGR,0
8800-JOOCF,2
1469-LBJQJ,3
4958-XCBDQ,3
8337-UPOAQ,3
0064-YIJGF,4
2386-OWURY,0
1725-IQNIY,1
0310-VQXAM,0
6598-RFFVI,0
3453-RTHJQ,3
6712-OAWRH,2
6278-FEPBZ,0
4280-DLSHD,2
1508-DFXCU,2
8614-VGMMV,1
7868-BGSZA,3
2800-QQUSO,0
2930-UOTMB,0
7973-DZRKH,1
5914-DVBWJ,1
7698-YFGEZ,0
2533-QVMSK,1
9773-PEQBZ,4
8644-XLFBW,4
0650-BWOZN,3
8625-AZYZY,2
7785-RDVIG,0
9602-WCXPI,0
2903-YYTBW,1
3620-MWJNE,0
8573-JGCZW,0
6837-HAEVO,1
6701-YVNQG,0
9306-CPCBC,3
4304-XUMGI,3
9504-YAZWB,0
8819-ZBYNA,1
6174-NRBTZ,1
9481-IEBZY,1
1833-VGRUM,3
6137-NICCO,2
9065-ZCPQX,0
6402-EJMWF,2
3620-EHIMZ,0
3213-VVOLG,0
6870-ECSHE,0
8747-UDCOI,0
8374-XGEJJ,3
2656-TABEH,4
6946-LMSQS,2
4626-OZDTJ,0
9169-BSVIN,3
2325-ZUSFD,1
8194-PEEBY,0
6872-HXFNF,0
3932-CMDTD,0
7714-YXSMB,2
8387-UGUSU,0
1080-BWSYE,1
4039-HEUNW,4
1194-HVAIF,4
0812-WUPTB,4
3594-UVONA,0
0004-TLHLJ,2
1767-TGTKO,2
8439-LTUGF,0
8805-JNRAZ,2
5089-IFSDP,1
6418-HNFED,0
0206-OYVOC,0
7291-CDTMJ,0
7128-GGCNO,2
0237-YFUTL,0
7691-KGKGP,0
6710-HSJRD,1
3675-EQOZA,0
0840-DCNZE,0
1732-FEKLD,3
9862-KJTYK,1
0479-HMSWA,1
5854-KSRBJ,0
0365-BZUWY,2
4817-VYYWS,2
5701-SVCWR,0
3129-AAQOU,0
4922-CVPDX,3
1396-QWFBJ,3
1357-BIJKI,3
1099-BTKWT,2
5299-SJCZT,3
2018-PZKMU,0
7340-KEFQE,0
4570-QHXHL,2
2403-BCASL,1
7392-YYPYJ,4
2898-LSJGD,1
2223-GDSHL,0
7359-PTSXY,2
9470-RTWDV,0
2176-OSJUV,0
9348-YVOMK,2
8104-OSKWT,3
4521-YEEHE,1
4090-KPJIP,3
3786-WOVKF,5
4503-BDXBD,4
6086-ESGRL,2
2592-HODOV,0
3886-CERTZ,1
7995-ZHHNZ,1
3824-RHKVR,0
5816-SCGFC,3
5989-AXPUC,0
4979-HPRFL,0
8590-OHDIW,0
8015-IHCGW,1
2332-TODQS,0
9278-VZKCD,4
8008-OTEZX,0
2773-OVBPK,0
5999-LCXAO,3
5206-XZZQI,0
4803-LBYPN,0
5759-RCVCB,2
6372-RFVNS,1
2139-FQHLM,1
8261-GWDBQ,1
1093-YSWCA,0
8938-UMKPI,1
0991-BRRFB,2
3882-IYOIJ,0
8749-TZYEC,0
1755-FZQEC,0
3115-JPJDD,1
5600-KTXFM,3
3871-IKPYH,3
6319-IEJWJ,3
9025-AOMKI,1
6339-TBELP,0
7964-YESJC,1
6173-GOLSU,2
5275-SQEIZ,3
7716-YTYHG,4
9938-ZREHM,0
7950-XWOVN,3
4390-KYULV,0
4647-MUZON,4
9702-AIUJO,2
8849-PRIQJ,1
8851-RAGOV,0
1304-NECVQ,3
5396-IZEPB,0
1729-VLAZJ,0
8285-ABVLB,0
0701-TJSEF,0
5712-VBOXD,0
6629-LADHQ,3
8945-GRKHX,1
1559-DTODC,2
4797-MIWUM,0
6959-UWKHF,3
8720-RQSBJ,1
4537-CIBHB,0
3815-SLMEF,0
5154-VEKBL,0
4324-AHJKS,2
4355-CVPVS,4
4495-LHSSK,3
5655-JSMZM,5
5915-ANOEI,0
9861-PDSZP,1
4505-EXZHB,2
7225-CBZPL,3
6704-UTUKK,1
4587-VVTOX,3
2019-HDCZY,2
4652-NNHNY,3
8788-DOXSU,2
7404-JLKQG,1
7421-ZLUPA,2
8972-HJWNV,3
3274-NSDWE,0
2632-IVXVF,1
3692-JHONH,5
8915-NNTRC,1
5914-GXMDA,0
7463-IFMQU,0
2920-RNCEZ,3
2541-YGPKE,0
8515-OCTJS,0
5382-TEMLV,1
3441-CGZJH,0
9592-ERDKV,1
2860-RANUS,5
5261-QSHQM,1
4778-IZARL,0
0432-CAJZV,3
7008-LZVOZ,0
8868-WOZGU,3
1200-TUZHR,2
9365-CSLBQ,0
1334-FJSVR,2
5884-FBCTL,0
7130-CTCUS,3
6242-FEGFD,0
7625-XCQRH,4
6194-HBGQN,0
7634-WSWDB,1
6986-IXNDM,4
1731-TVIUK,0
2987-BJXIK,2
9769-TSBZE,0
0406-BPDVR,2
0618-XWMSS,2
1395-WSWXR,0
6023-GSSXW,1
6752-APNJL,1
5276-KQWHG,3
0420-HLGXF,1
7446-KQISO,0
9823-EALYC,0
0582-AVCLN,0
5803-NQJZO,0
2565-JSLRY,0
2607-DHDAK,0
1073-XXCZD,0
0743-HRVFF,0
4006-HKYHO,0
3727-JEZTU,0
8143-ETQTI,0
6689-KXGBO,3
9667-TKTVZ,0
3657-COGMW,2
8570-KLJYJ,1
7754-IXRMC,3
9473-CBZOP,2
2969-WGHQO,1
6615-NGGZJ,3
4334-HOWRP,0
4255-DDUOU,0
5863-OOKCL,0
1686-STUHN,0
1329-VHWNP,2
2984-MIIZL,1
0266-GMEAO,1
5590-YRFJT,3
5574-NXZIU,1
0019-GFNTW,0
4256-ZWTZI,0
8309-PPCED,0
4098-NAUKP,3
5196-WPYOW,0
4608-LCIMN,1
1485-YDHMM,0
4054-CUMIA,0
0603-TPMIB,0
2525-GVKQU,0
8161-QYMTT,2
9581-GVBXT,1
5862-BRIXZ,0
5404-GGUKR,1
3308-JSGML,1
2126-GSEGL,0
3677-TNKIO,3
0440-QEXBZ,2
2434-EEVDB,2
6762-QVYJO,0
6199-IWKGC,2
2675-DHUTR,3
8152-VETUR,2
9667-EQRXU,1
7446-YPODE,4
9522-BNTHX,1
4676-WLUHT,2
3329-WDIOK,3
7980-MHFLQ,0
2873-ZLIWT,1
3415-TAILE,3
0757-WCUUZ,2
1629-DQQVB,1
1915-IOFGU,4
3045-XETSH,3
0374-AACSZ,2
7239-HZZCX,0
4872-VXRIL,0
9140-CZQZZ,0
3423-HHXAO,0
9938-TKDGL,1
0531-ZZJWQ,3
6537-QLGEX,3
2688-BHGOG,3
7683-CBDKJ,2
0946-CLJTI,3
3160-TYXLT,3
1325-USMEC,2
0916-QOFDP,2
0628-CNQRM,0
5606-AMZBO,3
6199-IPCAO,0
7665-TOALD,2
0112-QWPNC,0
0324-BRPCJ,2
2777-PHDEI,2
5640-CAXOA,0
2235-EZAIK,0
3847-BAERP,0
1196-AMORA,4
4282-YMKNA,3
1453-RZFON,1
8263-OKETD,0
0670-KDOMA,0
2476-YGEFM,3
8687-BAFGU,0
0641-EVBOJ,0
0829-XXPLX,1
9974-JFBHQ,0
5356-RHIPP,0
6624-JDRDS,2
0608-JDVEC,0
9780-FKVVF,1
1919-RTPQD,2
5214-NLTIT,3
3345-PBBFH,3
5055-BRMNE,1
9189-JWSHV,3
2190-PHBHR,4
2650-GYRYL,0
0746-JTRFU,2
5208-FVQKB,0
7184-LRUUR,1
6627-CFOSN,3
3982-JGSFD,0
1574-DYCWE,0
7247-XOZPB,0
2466-FCCPT,0
6211-WWLTF,3
4826-TZEVA,3
6016-NXBNJ,0
9138-EFSMO,3
0576-WNXXC,4
4632-XJMEX,0
8910-LEDAG,4
3452-GWUIN,3
2716-GFZOR,3
3724-UCSHY,0
8626-XHBIE,0
4628-CTTLA,3
3192-LNKRK,2
4439-YRNVD,0
2876-VBBBL,0
6834-NXDCA,1
2208-UGTGR,4
3005-TYFRD,3
8670-MEFCP,0
3079-BCHLN,0
7777-UNYHB,0
5597-GLBUC,2
7278-CKDNC,3
2748-MYRVK,4
8450-UYIBU,3
2969-VAPYH,0
4822-YCXMX,4
7181-OQCUT,1
8474-UMLNT,0
9821-POOTN,2
3836-FZSDJ,0
9142-XMYJH,0
6559-ILWKJ,2
0187-QSXOE,3
7733-UDMTP,2
2649-HWLYB,0
5214-CHIWJ,0
4229-CZMLL,2
6904-JLBGY,0
2465-BLLEU,0
1685-VAYJF,1
8874-EJNSR,0
6917-YACBP,2
5049-MUBWG,0
4223-WOZCM,2
0769-MURVM,0
9253-VIFJQ,2
7030-FZTFM,0
9741-YLNTD,0
5917-RYRMG,0
5120-ZBLAI,3
1194-BHJYC,0
3663-MITLP,1
0906-QVPMS,1
9025-ZRPVR,0
1905-OEILC,0
7858-GTZSP,1
3285-UCQVC,0
6248-BSHKG,0
4685-TFLLS,0
3470-BTGQO,1
1209-VFFOC,0
8224-DWCKX,2
5482-PLVPE,2
4553-DVPZG,2
4902-OHLSK,0
6917-IAYHD,0
0495-ZBNGW,3
8620-RJPZN,0
7572-KPVKK,0
2642-MAWLJ,0
2357-COQEK,2
7103-ZGVNT,0
3737-GCSPV,0
2027-WKXMW,0
7137-NAXML,0
2428-ZMCTB,0
2961-VNFKL,0
1768-HNVGJ,0
6963-KQYQB,0
5934-RMPOV,4
1207-BLKSA,0
4088-YLDSU,0
8316-BBQAY,0
1166-PQLGG,0
3146-JTQHR,0
4291-YZODP,0
4395-PZMSN,3
6427-FEFIG,3
0017-IUDMW,1
8706-HRADD,0
9955-QOPOY,0
4385-ZKVNW,0
5446-DKWYW,2
2034-CGRHZ,1
5797-APWZC,3
3683-QKIUE,0
4228-ZGYUW,2
9031-ZVQPT,0
2990-IAJSV,0
8107-KNCIM,2
9027-YFHQJ,0
5176-LDKUH,2
4644-OBGFZ,0
7926-IJOOU,0
6480-YAGIY,1
4029-HPFVY,2
7602-DBTOU,0
5345-BMKWB,0
3519-ZKXGG,1
5457-COLHT,0
6416-TVAIH,1
5451-YHYPW,1
5108-ADXWO,4
7998-WNZEM,0
3066-RRJIO,3
4664-NJCMS,0
0307-BCOPK,0
7629-WFGLW,1
2542-HYGIQ,0
6715-OFDBP,3
5016-LIPDW,0
6481-LXPWL,3
1567-DSCIC,3
2150-UWTFY,2
6124-ACRHJ,0
9362-MWODR,0
9975-GPKZU,0
9625-RZFUK,0
5153-LXKDT,3
5161-UBZXI,1
1020-JPQOW,0
7919-ZODZZ,1
0565-JUPYD,0
6867-ACCZI,0
5939-XAIXZ,3
9054-FOWNV,3
2683-BPJSO,1
2157-MXBJS,3
8207-VVMYB,0
9732-EQMWY,2
9360-AHGNL,1
1087-UDSIH,0
5269-NRGDP,0
6195-MELTI,0
5485-WUYWF,2
2121-JAFOM,1
8818-DOPVL,4
2632-UCGVD,1
5445-PZWGX,1
1227-UDMZR,0
5198-HQAEN,0
9170-CCKOU,3
2167-FQSTQ,0
2819-GWENI,0
1043-YCUTE,0
3814-MLAXC,1
3572-UUHRS,0
2692-PFYTJ,0
1226-UDFZR,2
5955-EPOAZ,0
6821-JPCDC,3
8815-LMFLX,0
9135-HSWOC,0
8582-KRHPJ,2
5811-IWXYM,4
7044-YAACC,4
8189-XRIKE,4
1506-YJTYT,0
4123-DVHPH,3
6425-YQLLO,2
5442-UTCVD,2
2228-BZDEE,0
7734-DBOAI,0
2789-CZANW,1
2091-RFFBA,2
2114-MGINA,2
7596-LDUXP,3
3740-RLMVT,1
4489-SNOJF,0
2192-OZITF,0
5651-CPDND,3
2186-QZEYA,2
1131-ALZWV,0
7729-XBTWX,0
9134-WYRVP,3
3284-SVCRO,0
9732-OUYRN,0
0559-CKHUS,0
2931-SVLTV,1
6899-PPEEA,2
7504-UWHNB,4
2582-FFFZR,3
8908-NMQTX,0
2187-LZGPL,2
1431-AIDJQ,0
6288-LBEAR,1
4597-NUCQV,3
9019-QVLZD,2
8413-YNHNV,0
5808-TOTXO,0
4369-NYSCF,0
6333-YDVLT,0
5324-KTGCG,0
5599-HVLTW,3
7394-LWLYN,4
3707-LRWZD,2
6873-UDNLD,1
2700-LUEVA,0
1455-ESIQH,3
0958-YHXGP,3
1101-SSWAG,2
2979-SXESE,2
4013-TLDHQ,2
5743-KHMNA,0
4194-FJARJ,0
5325-UWTWJ,1
3969-GYXEL,2
9208-OLGAQ,1
3244-CQPHU,2
2674-MLXMN,4
9708-HPXWZ,0
6992-TKNYO,0
4468-YDOVK,0
3754-DXMRT,1
5792-JALQC,3
7130-VTEWQ,1
2200-DSAAL,2
4302-ZYFEL,0
9351-LZYGF,0
4366-CTOUZ,0
6121-VZNQB,0
7903-CMPEY,2
1518-OMDIK,3
6671-NGWON,0
0595-ITUDF,2
6996-KNSML,2
1955-IBMMB,0
0096-BXERS,3
3806-YAZOV,0
7998-ZLXWN,0
6253-WRFHY,1
9133-AYJZG,2
2675-OTVVJ,1
8680-CGLTP,0
8430-TWCBX,0
5018-GWURO,4
6741-QRLUP,0
4737-HOBAX,0
0537-QYZZN,1
3340-QBBFM,1
1704-NRWYE,2
2592-SEIFQ,1
8200-KLNYW,0
3372-CDXFJ,0
4781-ZXYGU,0
7632-YUTXB,0
2718-YSKCS,0
9896-UYMIE,0
0853-NWIFK,1
8212-CRQXP,1
6980-CDGFC,0
7691-XVTZH,2
2520-SGTTA,0
7481-ATQQS,3
2277-VWCNI,3
1088-CNNKB,0
8642-GVWRF,1
1930-BZLHI,0
3400-ESFUW,0
5868-YTYKS,0
3525-DVKFN,0
1482-OXZSY,4
0377-JBKKT,0
5778-BVOFB,0
3373-YZZYM,0
2057-ZBLPD,2
0228-MAUWC,0
5502-RLUYV,3
0023-HGHWL,1
7663-YJHSN,0
4915-BFSXL,1
3086-RUCRN,0
5215-LNLDJ,3
7576-JMYWV,1
9039-RBEEE,0
0257-KXZGU,2
1307-ATKGB,1
8417-FMLZI,4
3714-XPXBW,0
1850-AKQEP,0
2824-DXNKN,1
5227-JSCFE,1
0848-ZGQIJ,2
3621-CHYVB,0
8042-RNLKO,0
1792-UXAFY,2
5372-FBKBN,0
0420-TXVSG,1
6217-TOWGS,2
0515-YPMCW,2
0378-XSZPU,3
1045-LTCYT,0
1544-JJMYL,0
4636-JGAAI,4
6874-SGLHU,2
5951-AOFIH,2
4729-XKASR,3
3059-NGMXB,3
8652-YHIYU,1
5278-PNYOX,1
5449-FIBXJ,0
3486-HOOGQ,0
5061-PBXFW,0
8630-FJLIB,2
3891-NLXJB,0
4749-OJKQU,3
0577-WHMEV,3
5453-AXEPF,1
3639-XJHKQ,1
3716-LRGXK,3
2263-SFSQZ,0
9950-MTGYX,0
3397-AVTKU,2
4825-FUREZ,0
9837-BMCLM,4
2672-OJQZP,1
0137-UDEUO,0
3134-DSHVC,1
6161-UUUTA,4
7821-DPRQE,1
6543-XRMYR,2
2001-EWBQU,2
4925-LMHOK,0
1608-GMEWB,4
6695-AMZUF,0
1455-UGQVH,2
8410-BGQXN,0
8280-MQRQN,2
1619-YWUBB,0
7611-YKYTC,1
2037-SGXHH,1
3178-FESZO,3
0365-GXEZS,1
0082-OQIQY,1
6087-MVHJH,2
4603-JANFB,4
3018-TFTSU,4
3606-SBKRY,2
4806-KEXQR,3
0667-NSRGI,0
7083-YNSKY,0
6893-ODYYE,1
8242-JSVBO,1
2479-BRAMR,2
9541-ZPSEA,3
2665-NPTGL,4
1139-WUOAH,0
4693-VWVBO,0
7434-SHXLS,0
6937-GCDGQ,3
0988-JRWWP,2
5075-JSDKI,0
7908-QCBCA,2
8644-XYTSV,1
6711-FLDFB,2
3873-WOSBC,0
7465-ZZRVX,2
7975-JMZNT,0
7251-XFOIL,4
4116-IQRFR,0
3714-JTVOV,2
8259-DZLIZ,3
0442-ZXKVS,1
7853-WNZSY,0
3120-FAZKD,0
8606-OEGQZ,0
0225-ZORZP,2
4702-IOQDC,3
9489-JMTTN,0
0575-CUQOV,2
0967-BMLBD,0
6178-KFNHS,2
2830-LEWOA,0
5006-MXVRN,0
1264-BYWMS,3
9658-WYUFB,2
8327-WKMIE,0
6917-FIJHC,0
5329-KRDTM,1
7797-EJMDP,0
3530-VWVGU,0
2013-SGDXK,3
6368-NWMCE,0
3633-CDBUW,0
0707-HOVVN,0
8580-QVLOC,1
3956-MGXOG,3
9274-UARKJ,2
4077-HWUYD,0
2012-NWRPA,5
8808-ELEHO,3
0103-CSITQ,1
3506-LCJDC,0
8671-KKKOS,3
7305-ZWMAJ,0
9518-XXBXE,1
3934-HXCFZ,4
6578-KRMAW,3
4860-IJUDE,3
7666-WKRON,1
9688-YGXVR,2
0423-UDIJQ,1
1945-XISKS,0
4910-AQFFX,3
2154-KVJFF,1
5360-LJCNJ,2
2607-FBDFF,0
9647-ERGBE,1
3428-XZMAZ,1
1100-DDVRV,1
0378-TOVMS,1
4355-HBJHH,1
6728-WYQBC,0
9058-CBREO,2
9029-FEGVJ,4
7216-KAOID,0
0318-QUUOB,4
6145-NNPNO,2
5520-FVEWJ,2
5339-TJFEK,4
5572-ZDXHY,2
2074-GUHPQ,0
4625-XMOYM,0
5827-MWCZK,0
1385-TQOZW,0
5914-XRFQB,0
4329-YPDDQ,1
4804-NCPET,0
3750-CKVKH,1
5944-UGLLK,0
8063-GBATB,4
7787-BNTZM,0
2252-ISRNH,3
9415-TPKRV,1
5322-TEUJK,0
4547-KQRTM,4
4877-EVATK,0
1866-DIOQZ,0
8375-KVTHK,0
2697-NQBPF,1
3709-OIJEA,1
7639-SUPCW,1
1386-ZIKUV,0
0599-XNYDO,1
6377-WHAOX,2
6855-VLGOS,0
8999-XXGNS,2
8746-OQQRW,0
3181-MIZBN,0
0471-ARVMX,3
7766-CLTIC,0
5650-YLIBA,4
0825-CPPQH,0
9084-OAYKL,0
6122-LJADA,0
2400-XIWIO,0
7524-VRLPL,1
1069-XAIEM,1
7569-NMZYQ,0
5201-USSQZ,1
2105-PHWON,0
1494-EJZDW,0
4884-TVUQF,0
8003-EWNDZ,0
1897-RCFUM,0
9256-JTBNZ,0
4658-HCOHW,0
2211-RMNHO,0
2432-TFSMK,2
3440-JPSCL,1
4929-ROART,2
1834-ABKHQ,2
1741-WTPON,1
3932-IJWDZ,0
1240-HCBOH,0
3594-KADLU,0
8065-BVEPF,4
3796-ENZGF,0
1734-ZMNTZ,0
2853-CWQFQ,0
0813-TAXXS,3
2519-TWKFS,0
2889-FPWRM,0
0626-QXNGV,0
6723-CEGQI,0
6987-XQSJT,2
4732-RRJZC,0
9499-XPZXM,0
4338-EYCER,1
3007-FDPEA,0
6350-XFYGW,1
4290-BSXUX,0
8513-OLYGY,0
0311-QYWSS,3
8705-DWKTI,3
8755-IWJHN,3
0325-XBFAC,2
4480-QQRHC,4
0929-PECLO,4
3680-CTHUH,1
1202-KKGFU,0
6112-KTHFQ,0
1852-XEMDW,1
2462-XIIJB,3
4760-XOHVN,0
1820-DJFPH,0
9426-SXNHE,0
9068-FHQHD,0
1269-FOYWN,0
9470-YFUYI,0
7817-BOQPW,3
7402-EYFXX,3
1853-UDXBW,2
9895-VFOXH,2
5458-CQJTA,0
1230-QAJDW,0
5701-ZIKJE,0
5219-YIPTK,2
5032-MIYKT,2
7396-VJUZB,1
9717-QEBGU,2
5172-RKOCB,1
6509-TSGWN,0
3540-RZJYU,4
3178-CIFOT,0
2091-MJTFX,0
4530-NDRKU,0
5985-TBABQ,1
9800-ONTFE,3
6743-HHQPF,3
8455-HIRAQ,1
6616-AALSR,2
0883-EIBTI,0
9415-ZNBSX,0
4018-KJYUY,0
0722-TROQR,4
7571-YXDAD,1
3884-UEBXB,2
8780-RSYYU,0
5537-UXXVS,0
1791-PQHBB,1
8701-DGLVH,0
8741-LQOBK,1
3393-FMZPV,3
8082-GHXOP,2
6402-ZFPPI,4
0980-FEXWF,2
7486-KSRVI,1
3011-WQKSZ,0
8443-WVPSS,1
3006-XIMLN,1
8218-FFJDS,0
1986-PHGZF,3
9965-YOKZB,3
0504-HHAPI,3
9360-OMDZZ,4
6305-YLBMM,0
0345-XMMUG,1
8024-XNAFQ,1
3647-GMGDH,2
2988-GBIVW,2
2832-SCUCO,0
7036-ZZKBD,0
3791-LGQCY,2
0265-PSUAE,3
0463-TXOAK,0
0594-UFTUL,0
9509-MPYOD,0
9128-CPXKI,2
0129-KPTWJ,2
8166-ZZTFS,4
5855-EIBDE,1
5365-LLFYV,2
5956-YHHRX,3
6008-NAIXK,3
2956-GGUCQ,2
1928-BXYIV,1
5760-FXFVO,2
6595-COKXZ,2
0961-ZWLVI,3
5181-OABFK,3
4007-NHVHI,3
7816-VGHTO,0
5871-DGTXZ,0
7550-WIQVA,2
7544-ZVIKX,0
0016-QLJIS,0
7508-DQAKK,0
5176-OLSKT,3
9356-AXGMP,1
3556-BVQGL,0
0362-ZBZWJ,4
8979-CAMGB,0
4211-MMAZN,0
7581-EBBOU,0
4274-OWWYO,1
5073-RZGBK,0
1541-ETJZO,0
2192-CKRLV,2
3154-HMWUU,0
6119-SPUDB,0
6522-OIQSX,1
7813-ZGGAW,1
8748-HFWBO,0
1052-QJIBV,0
1319-YLZJG,4
4106-HADHQ,0
0723-FDLAY,0
3050-RLLXC,0
9298-WGMRW,1
2369-UAPKZ,2
3088-LHEFH,2
2778-OCLGR,2
6583-KQJLK,3
8544-JNBOX,0
6681-ZSEXG,3
6139-ZZRBQ,0
6116-RFVHN,3
0637-KVDLV,1
8884-FEEWR,0
3125-RAHBV,0
6633-MPWBS,0
0373-AIVNJ,1
8785-EPNCG,0
1682-VCOIO,0
5729-KLZAR,3
2072-ZVJJX,0
8849-AYPTR,1
9518-IMLHK,0
1582-RAFML,0
3646-ITDGM,0
8740-CRYFY,3
3569-VLDHH,0
8224-KDLKN,0
7594-LZNWR,2
4001-TSBTV,2
2962-XPMCQ,1
8727-XDPUD,1
1043-UXOVO,1
1064-FBXNK,0
3996-ZNWYK,1
2878-DHMIN,0
7762-ONLJY,0
1678-FYZOW,2
5795-BKOYE,0
8627-EHGIP,1
7402-PWYJJ,0
5480-TBGPH,2
0018-NYROU,2
7501-VTYLJ,1
7608-RGIRO,0
0480-BIXDE,3
5895-QSXOD,1
9814-AOUDH,0
6175-IRFIT,3
8760-ZRHKE,2
1622-HSHSF,0
8854-CCVSQ,3
6749-UTDVX,2
5542-DHSXL,1
9102-OXKFY,2
0511-JTEOY,1
5216-WASFJ,2
7808-DVWEP,0
7067-KSAZT,4
2284-VFLKH,0
0366-NQSHS,0
6532-YLWSI,0
3807-BPOMJ,1
3892-NXAZG,0
4948-WBBKL,3
4182-BGSIQ,0
9300-AGZNL,2
0988-AADSA,0
9972-NKTFD,0
3717-LNXKW,3
5734-EJKXG,0
2207-RYYRL,0
6729-FZWSY,0
9695-IDRZR,0
8144-DGHXP,0
7814-LEEVE,0
1112-CUNAO,4
5175-AOBHI,2
5174-RNGBH,0
8631-WUXGY,2
7270-BDIOA,0
9565-JSNFM,2
5906-DVAPM,0
6654-QGBZZ,0
8348-JLBUG,2
0607-DAAHE,0
5641-DMBFJ,0
9200-NLNPD,0
2664-XJZNO,1
9732-KPKBW,0
3339-EAQNV,4
0921-OHLVP,3
3389-YGYAI,3
9560-ARGQJ,4
8350-NYMVI,0
1600-DILPE,3
0536-ESJEP,3
4654-GGUII,0
6478-HRRCZ,0
8510-BBWMU,0
6857-TKDJV,0
2360-RDGRO,3
0584-BJQGZ,0
5134-IKDAY,2
1360-XFJMR,1
3070-DVEYC,4
5730-RIITO,3
9058-MJLZC,1
5707-ORNDZ,3
0902-XKXPN,0
5177-RVZNU,0
0056-EPFBG,0
8993-IZEUX,3
8696-JKZNU,3
5380-AFSSK,2
8190-ZTQFB,1
0931-MHTEM,4
2055-PDADH,4
7515-LODFU,1
0440-UEDAI,0
1337-BOZWO,1
0868-VJRDR,0
8714-EUHJO,4
6344-SFJVH,2
3950-VPYJB,0
8041-TMEID,4
7321-ZNSLA,0
6941-KXRRV,2
3721-CNEYS,3
8727-JQFHV,0
9475-NNDGC,0
1355-KUSBG,2
3688-FTHLT,2
0899-LIIBW,4
2568-OIADY,1
1384-RCUXW,3
5825-XJOCM,1
6848-YLDFR,0
8125-QPFJD,0
2320-YKQBO,0
1193-RTSLK,4
2302-ANTDP,1
5923-GXUOC,1
4973-RLZVI,0
7869-ZYDST,3
4501-UYKBC,1
1215-EXRMO,0
2305-MRGLV,0
8404-VIOMB,0
5233-GEEAX,3
2359-KLTEK,2
5304-EFJLP,1
2673-ZALNP,0
9184-GALIL,0
4393-RYCRE,4
9746-MDMBK,0
3162-ZJZFU,1
8404-GFGCZ,1
8875-AKBYH,4
4432-ADRLB,3
0533-UCAAU,1
1394-SUIUH,1
3521-MNKLV,3
2533-TIBIX,2
8993-PHFWD,2
1565-RHDJD,1
7137-RYLPP,5
3765-JXVKY,3
5092-STPKP,0
7330-WZLNC,1
0114-PEGZZ,3
3359-DSRKA,0
8639-NHQEI,3
7161-DFHUF,0
3957-LXOLK,4
3720-DBRWL,0
6635-MYYYZ,0
8565-WUXZU,1
5281-BUZGT,5
4994-OBRSZ,0
0562-FGDCR,0
2436-QBZFP,2
3420-YJLQT,1
6040-CGACY,0
6582-PLFUU,0
8242-PDSGJ,0
0264-CNITK,0
0089-IIQKO,1
7839-NUIAA,2
6075-QMNRR,2
5378-IKEEG,2
5966-EMAZU,1
0440-EKDCF,0
4774-HHGGS,0
2718-GAXQD,3
2055-BFOCC,1
8180-AKMJV,2
4298-OYIFC,0
5566-SOEZD,3
9842-EFSYY,1
2272-WUSPA,2
4584-LBNMK,0
3898-GUYTS,1
0930-EHUZA,0
6413-XKKPU,3
9975-SKRNR,0
3703-KBKZP,3
1449-XQEMT,0
2626-URJFX,2
4973-MGTON,0
3682-YEUWS,0
1223-UNPKS,0
2612-RRIDN,2
4735-ASGMA,2
3446-QDSZF,2
3669-LVWZB,3
6892-EZDTG,3
5117-IFGPS,3
7379-FNIUJ,2
1627-AFWVJ,0
9725-SCPZG,3
5884-GCYMI,4
3217-FZDMN,3
4486-EFAEB,0
0060-FUALY,4
7853-GVUDZ,0
7480-QNVZJ,3
6954-OOYZZ,1
7088-FBAWU,3
8313-AFGBW,2
3943-KDREE,2
9239-ZBZZV,3
3097-IDVPU,3
4398-HSCJH,0
2197-OMWGI,2
2303-PJYHN,0
9795-VOWON,2
1237-WIYYZ,0
1987-AUELQ,0
7852-LECYP,4
4430-UZIPO,0
4822-LPTYJ,3
8165-CBKXO,3
6527-PZFPV,0
4855-SNKMY,3
9593-CVZKR,0
8595-SIZNC,1
8008-HAWED,3
7124-UGSUR,4
1862-SKORY,4
5236-XMZJY,1
4827-DPADN,0
2694-CIUMO,0
5846-ABOBJ,0
1439-LCGVL,0
0909-SDHNU,3
4647-XXZAM,2
1502-XFCVR,1
7740-KKCXF,1
5360-XGYAZ,0
9692-TUSXH,3
7912-SYRQT,3
3557-HTYWR,0
4816-JBHOV,2
8920-NAVAY,0
1699-TLDLZ,0
5600-PDUJF,0
8292-TYSPY,0
0567-XRHCU,2
1867-BDVFH,1
2067-QYTCF,1
2359-QWQUL,1
9103-TCIHJ,1
7407-SUJIZ,0
9150-KPBJQ,0
0052-DCKON,1
3654-ARMGP,0
9699-UBQFS,3
9367-TCUYN,0
1261-FWTTE,3
3528-HFRIQ,2
0708-SJDIS,0
4140-WJAWW,0
2073-QBVBI,0
6928-ONTRW,0
3320-VEOYC,2
5231-FIQPA,0
6617-WLBQC,2
2599-CIPQE,0
6653-CBBOM,2
8774-GSBUN,0
7326-RIGQZ,4
1401-FTHFQ,0
3247-ZVOUO,2
0254-FNMCI,0
1848-LBZHY,3
6101-IMRMM,3
8118-TJAFG,1
5429-LWCMV,2
7298-IZWLY,0
9758-MFWGD,3
3955-JBZZM,3
1268-ASBGA,3
8943-URTMR,3
4815-TUMEQ,0
4713-LZDRV,3
9909-IDLEK,0
4092-OFQZS,0
1561-BWHIN,0
4325-NFSKC,4
9927-DSWDF,0
9500-LTVBP,0
7252-NTGSS,1
8149-AIQCG,2
1360-JYXKQ,2
2955-PSXOE,0
7762-URZQH,2
0899-WZRSD,1
3255-GRXMG,1
4828-FAZPK,4
6094-ZIVKX,2
6925-BAYGL,1
3262-EIDHV,0
7354-OIJLX,3
1376-HHBDV,1
6907-NZZIJ,1
6133-OZILE,0
4135-FRWKJ,0
2911-UREFD,1
3744-ZRRDZ,1
5673-TIYIB,0
6551-ZCOTS,1
7191-ADRGF,3
5018-LXQQG,0
6892-BOGQE,0
1602-IJQQE,3
4628-WQCQQ,2
1746-TGTWV,3
5995-SNNEW,2
8050-WYBND,2
2821-WARNZ,0
4879-GZLFH,3
1644-IRKSF,2
8314-HTWVE,0
9402-ROUMJ,0
2507-QZPQS,1
7159-NOKYQ,3
5707-ZMDJP,0
8779-YIQQA,0
7136-IHZJA,0
8966-OIQHG,0
7074-STDCN,0
3705-PSNGL,0
8739-QOTTN,0
1399-OUPJN,0
0277-BKSQP,1
6502-HCJTI,2
2606-RMDHZ,3
5774-XZTQC,0
2676-SSLTO,0
6266-QHOJZ,0
7269-JISCY,3
0363-SVHYR,0
8547-NSBBO,1
8258-GSTJK,5
6861-OKBCE,0
9940-RHLFB,2
6591-QGOYB,0
9070-BCKQP,1
6421-SZVEM,3
1328-EUZHC,0
2995-UPRYS,1
8878-RYUKI,3
9633-DENPU,1
7811-JIVPF,3
7113-HIPFI,0
8541-QVFKM,2
6686-YPGHK,3
1383-EZRWL,0
9258-CNWAC,0
5371-VYLSX,3
6374-AFWOX,0
4759-TRPLW,4
5317-FLPJF,0
7621-VPNET,0
6034-YMTOB,1
8563-IIOXK,1
4903-CNOZC,2
4353-HYOJD,1
8020-BWHYL,2
7267-FRMJW,0
2982-VPSGI,3
4188-FRABG,1
8199-ZLLSA,1
4128-ETESU,5
0620-DLSLK,3
4625-EWPTF,1
5980-NOPLP,3
3850-OKINF,3
6892-XPFPU,4
8010-EZLOU,2
1156-ZFYDO,0
3295-YVUSR,1
8016-NCFVO,1
4119-ZYPZY,2
5549-ZGHFB,0
7577-SWIFR,3
0303-WMMRN,0
6408-OTUBZ,1
5204-HMGYF,0
1078-TDCRN,1
3727-OVPRY,0
3797-FKOGQ,1
7622-NXQZR,0
6196-HBOBZ,2
3970-XGJDU,0
7017-VFULY,0
5562-YJQGT,0
8807-OPMBM,0
5439-WIKXB,2
9874-QLCLH,2
8294-UIMBA,0
8109-YUOHE,3
5840-NVDCG,0
8092-NLTGF,0
5928-QLDHB,1
9840-EFJQB,2
0696-UKTOX,0
4801-KFYKL,0
3472-OAOOR,1
6135-OZQVA,2
8062-YBDOE,4
2252-JHJGE,2
4188-PCPIG,0
6000-APYLU,4
7105-BENQF,3
7721-DVEKZ,0
3566-VVORZ,1
9507-HSMMZ,0
2480-SQIOB,3
0947-IDHRQ,2
7813-TKCVO,0
0128-MKWSG,0
3672-YITQD,4
4350-ZTLPI,1
9048-JVYVF,0
0361-HJRDX,0
5727-MYATE,0
3823-KYNQY,0
8988-ECPJR,3
7570-WELNY,4
3021-VLNRJ,0
3776-EKTKM,3
2080-CAZNM,3
1028-FFNJK,1
6907-FLBER,3
3001-UNBTL,4
5982-PSMKW,0
3507-GASNP,0
7096-ZNBZI,0
1902-XBTFB,1
1676-MQAOA,0
0786-IVLAW,2
7566-DSRLQ,1
0643-OKLRP,4
7245-JMTTQ,0
6050-IJRHS,3
6202-JVYEU,0
8591-TKMZH,1
0734-OXWBT,0
4282-ACRXS,1
0365-TRTPY,3
7349-ALMUX,0
9381-NDKME,3
6502-KUGLL,0
1841-YSJGV,1
2794-XIMMO,0
8382-SHQEH,2
3511-BFTJW,1
7668-XCFYV,4
2983-ZANRP,2
7845-URHJN,0
3034-ZBEQN,3
5018-HEKFO,0
2923-ARZLG,0
3976-NLDEZ,0
2282-YGNOR,0
5336-UFNZP,4
6854-EXGSF,3
1241-EZFMJ,0
9233-PSYHO,4
5376-PCKNB,2
8044-BGWPI,0
4060-LDNLU,1
3589-PPVKW,2
8327-LZKAS,2
5887-IKKYO,1
1075-BGWOH,4
1755-RMCXH,0
0302-JOIVN,3
3858-XHYJO,4
4299-SIMNS,2
7025-IWFHT,0
6261-LHRTG,1
7841-FCRQD,0
2056-EVGZL,0
8777-MBMTS,1
7753-USQYQ,0
5366-IJEQJ,2
7661-CPURM,1
6233-HXJMX,1
5902-WBLSE,0
1981-INRFU,3
4971-PUYQO,2
3239-TPHPZ,0
5115-GZDEL,0
3338-CVVEH,2
8485-GJCDN,3
2615-YVMYX,3
2851-STERV,0
4393-GEADV,1
8486-AYEQH,3
1527-SXDPN,1
6029-WTIPC,5
8634-CILSZ,0
5419-JKZNQ,3
2495-KZNFB,3
1409-PHXTF,0
4560-WQAQW,0
9591-YVTEB,4
9309-BZGNT,2
4274-DRSQT,4
2027-DNKIV,0
8075-GXIUB,0
2885-HIJDH,0
5424-RLQLC,2
6682-QJDGB,3
6507-DTJZV,3
8780-IXSTS,4
7673-BQGKU,0
6723-WSNTY,2
9530-EHPOH,1
2725-IWWBA,0
0345-HKJVM,2
1061-PNTHC,1
0394-YONDK,0
6574-MCOEH,0
7399-QHBJS,0
3049-SOLAY,2
0997-YTLNY,0
3317-HRTNN,1
9479-HYNYL,0
3235-ETOOB,1
9708-KFDBY,0
8058-INTPH,3
3642-GKTCT,1
0774-RMNUW,0
1334-PDUKM,2
0756-MPZRL,0
2242-MFOTG,4
2927-CVULT,0
2144-BFDSO,2
8745-PVESG,0
7647-GYYKX,0
5647-FXOTP,4
5569-OUICF,1
8821-XNHVZ,2
2082-OJVTK,2
9700-ISPUP,0
9839-ETQOE,2
6078-VESFR,3
9027-TMATR,0
5940-NFXKV,4
1941-HOSAM,3
9110-HSGTV,0
0704-VCUMB,0
6171-ZTVYB,0
8053-WWDRO,0
9564-KCLHR,0
1935-IMVBB,2
2535-PBCGC,0
2082-CEFLT,2
1470-PSXNM,2
1213-NGCUN,0
2498-XLDZR,0
9866-OCCKE,1
5338-YHWYT,0
7718-UPSKJ,0
8731-WBBMB,0
1448-CYWKC,1
7901-IIDQV,0
2690-DVRVK,0
5688-KZTSN,0
1270-XKUCC,0
0334-ZFJSR,0
2894-QOJRX,3
5747-PMBSQ,1
5583-EJXRD,0
4565-EVZMJ,0
3143-JQEGI,3
6386-SZZKH,0
3327-YBAKM,0
9441-QHEVC,0
6705-LNMDD,0
2580-ASVVY,0
3370-GQEAL,4
5032-USPKF,3
2982-IHMFT,3
3521-SYVOR,1
4254-QPEDE,0
6283-GITPX,0
9526-JAWYF,3
0771-CHWSK,1
9788-HNGUT,0
9495-REDIY,1
5375-XLDOF,1
1172-VIYBP,2
5649-VUKMC,3
6559-PDZLR,0
8992-OBVDG,3
4273-MBHYA,2
4724-WXVWF,1
5701-GUXDC,3
1460-UZPRJ,0
6082-GLJIX,0
5143-EGQFK,0
4919-IKATY,3
2495-TTHBQ,0
0485-ZBSLN,0
3810-PJUHR,0
9050-QLROH,4
0847-HGRML,0
8232-CTLKO,1
9227-YBAXE,0
6168-WFVVF,5
9860-LISIZ,0
0112-QAWRZ,1
0877-SDMBN,1
2786-GCDPI,1
4043-MKDTV,0
8065-YKXKD,1
9637-EIHEQ,0
9229-RQABD,0
8313-KTIHG,0
5320-BRKGK,0
6284-KMNUF,2
9689-PTNPG,4
9465-RWMXL,3
6229-UOLQL,0
2362-IBOOY,2
3137-LUPIX,0
0843-WTBXE,2
6143-JQKEA,3
8676-OOQEJ,0
5515-IDEJJ,0
9701-CDXHR,3
7450-NWRTR,3
8124-NZVGJ,0
2162-FRZAA,0
5376-DEQCP,3
5118-MUEYH,1
9095-HFAFX,1
5627-TVBPP,0
2379-ENZGV,3
3936-QQFLL,0
2589-AYCRP,0
4067-HLYQI,1
5124-EOGYE,0
5057-RKGLH,0
0292-WEGCH,0
8910-ICHIU,2
4097-YODCF,1
9715-WZCLW,2
9786-YWNHU,0
6407-GSJNL,0
6005-OBZPH,3
4049-ZPALD,4
7932-WPTDS,2
3733-UOCWF,2
6833-JMZYP,3
2722-VOJQL,1
1310-QRITU,1
8961-QDZZJ,2
9715-SBVSU,3
8490-BXHEO,2
7173-TETGO,2
7929-SKFGK,0
2300-RQGOI,0
3563-SVYLG,0
5228-EXCET,2
6435-VWCCY,3
4998-IKFSE,4
8630-QSGXK,0
2455-USLMV,1
7394-FKDNK,3
9488-FVZCC,0
6331-LWDTQ,3
5995-WWKKG,0
1597-FZREH,0
7879-CGSFV,4
9921-EZKBY,2
7432-FFVAR,0
7246-ZGQDF,0
7000-WCEVQ,2
0727-IWKVK,4
5959-BELXA,4
4456-RHSNB,1
3512-IZIKN,0
2481-SBOYW,0
7109-MFBYV,1
1833-TCXKK,2
1832-PEUTS,3
6141-OOXUQ,0
8660-BUETV,3
0580-PIQHM,2
5696-CEIQJ,1
7503-ZGUZJ,4
1696-HXOWK,3
3026-ATZYV,2
4012-YCFAI,0
2506-TNFCO,3
9970-QBCDA,0
8718-PTMEZ,2
9496-IVVRP,2
2207-OBZNX,3
2657-VPXTA,2
6551-VLJMV,0
1221-GHZEP,0
9289-LBQVU,0
6142-VSJQO,1
3458-IDMFK,0
6933-FHBZC,1
0221-NAUXK,0
9770-KXGQU,2
6437-UKHMV,1
6538-POCHL,2
6726-NNFWD,5
3002-WQZWT,1
4277-UDIEF,0
1208-NBVFH,1
4912-PIGUY,2
1114-CENIM,2
6060-DRTNL,5
2725-TTRIQ,0
3374-TTZTK,0
8990-ZXLSU,3
2275-RBYQS,1
8473-VUVJN,4
6289-CPNLD,0
5536-SLHPM,3
4419-UJMUS,0
7794-JASDG,2
7609-YBPXG,0
5519-TEEUH,0
7856-GANIL,1
0804-XBFBV,2
2676-OXPPQ,3
3703-TTEPD,2
2799-TSLAG,0
0196-VULGZ,4
8837-VVWLQ,3
2696-NARTR,1
2208-NKVVH,0
7614-QVWQL,2
1976-CFOCS,2
4631-OACRM,4
7139-JZFVG,1
4987-GQWPO,3
3755-JBMNH,1
1757-TCATG,0
6345-ULYRW,1
4776-XSKYQ,0
8048-DSDFQ,0
5753-QQWPW,0
6010-DDPPW,0
1809-DMJHQ,2
6693-FRIRW,3
6586-MYGKD,0
3173-NVMPX,3
0248-PGHBZ,1
0623-GDISB,1
2892-GESUL,0
6923-EFPNL,3
7472-EQOAV,4
9574-RKJIF,3
2043-WVTQJ,2
8034-RYTVV,2
3863-QSTYI,0
2619-WFQWU,2
5044-LRQAQ,2
1716-LSAMB,0
1333-PBMXB,0
6546-OPBBH,0
5985-BEHZK,4
9127-QRZMH,0
5919-VCZYM,0
9644-KVCNC,2
2137-DQMEV,1
8174-LNWMW,0
9279-CJEOJ,5
7964-VEXDG,3
2404-JIBFC,0
0778-NELLA,3
8029-XYPWT,1
4614-NUVZD,2
4632-PAOYU,0
3803-KMQFW,0
6804-GDMOI,0
2990-OGYTD,0
6646-JPPHA,1
9572-MTILT,0
7658-UYUQS,4
7880-XSOJX,0
9611-CTWIH,3
4589-IUAJB,0
0329-GTIAJ,0
8746-BFOAJ,0
8457-XIGKN,0
6072-NUQCB,0
6629-CZTTH,1
8838-GPHZP,0
8750-QWZAJ,0
5364-EVNIB,1
6918-UMQCG,2
0675-NCDYU,1
6339-DKLMK,3
1346-PJWTK,1
5088-QZLRL,0
8023-QHAIO,0
4397-FRLTA,0
3057-VJJQE,3
5087-SUURX,3
2302-OUZXB,2
8133-ANHHJ,1
2270-CHBFN,0
0013-EXCHZ,2
5982-FPVQN,3
9107-UKCKY,2
4654-ULTTN,0
5550-VFRLC,3
5546-BYZSM,0
1492-KGETH,0
4929-BSTRX,1
4163-HFTUK,0
8215-NGSPE,0
2225-ZRGSG,1
8859-YSTWS,0
5271-YNWVR,0
7601-DHFWZ,0
2657-ALMWY,4
6330-JKLPC,4
4667-OHGKG,0
1998-VHJHK,0
1707-HABPF,4
1660-HSOOQ,2
7253-UVNDW,0
0487-VVUVK,0
7228-OMTPN,3
5063-IUOKK,0
4508-OEBEY,0
0027-KWYKW,2
2308-STERM,0
5982-XMDEX,0
6284-AHOOQ,1
6051-PTVNS,0
2344-JMOGN,0
3799-ISUZQ,2
2877-VDUER,0
9152-AMKAK,0
1794-HBQTJ,1
9432-VOFYX,2
8049-WJCLQ,1
6586-PSJOX,0
2460-FPSYH,3
9705-ZJBCG,0
4818-DRBQT,3
1320-HTRDR,3
6847-KJLTS,2
9670-BPNXF,0
3913-FCUUW,0
3301-VKTGC,3
1493-AMTIE,0
9555-SAHUZ,3
0816-TSPHQ,0
9932-WBWIK,0
4619-EVPHY,5
5286-YHCVC,2
6424-ELEYH,3
4391-RESHN,1
9115-YQHGA,0
4462-CYWMH,3
8963-MQVYN,0
2458-EOMRE,2
9334-GWGOW,1
6821-BUXUX,1
5028-HTLJB,0
9801-GDWGV,3
6542-LWGXJ,3
5567-GZKQY,0
1222-LRYKO,0
2320-JRSDE,0
2087-QAREY,1
0601-WZHJF,2
4423-JWZJN,4
5143-WMWOG,0
6490-FGZAT,0
5393-RXQSZ,4
7452-FOLON,0
2320-TZRRH,0
0231-LXVAP,0
9444-JTXHZ,3
4942-VZZOM,3
5510-BOIUJ,0
7502-BNYGS,1
4291-HYEBC,3
6147-CBCRA,0
6047-SUHPR,2
4471-KXAUH,0
9752-ZNQUT,1
7638-QVMVY,3
1576-PFZIW,3
5666-MBJPT,0
7312-XSBAT,3
3096-GKWEB,2
2371-JQHZZ,3
0674-GCDXG,0
1121-QSIVB,1
4396-KLSEH,0
3244-DCJWY,3
2824-MYYBN,2
0875-CABNR,3
6345-HOVES,1
8318-LCNBW,3
6469-QJKZW,0
0147-ESWWR,0
1217-VASWC,5
7812-FZHPE,0
6370-ZVHDV,0
5915-DGNVC,3
6260-XLACS,0
3566-CAAYU,0
4983-CCWMC,2
9103-CXVOK,0
2896-TBNBE,2
4797-AXPXK,0
5229-PRWKT,1
6982-UQZLY,1
2522-WLNSF,0
3841-CONLJ,1
5057-LCOUI,2
0193-ESZXP,1
4475-NVTLU,0
4369-HTUIF,1
9386-LDCZR,0
9585-KKMFD,0
5399-ZIMKF,3
0336-KXKFK,0
5619-XZZKR,0
3948-FVVRP,0
5327-XOKKY,1
0983-TATYJ,0
1813-JYWTO,1
0156-FVPTA,0
1984-FCOWB,0
0654-HMSHN,4
6719-OXYBR,2
3312-ZWLGF,2
6476-YHMGA,0
5287-QWLKY,2
0795-XCCTE,0
0168-XZKBB,2
3785-NRHYR,0
5196-SGOAK,4
4537-DKTAL,3
7072-MBHEV,2
5602-BVFMK,0
6297-NOOPG,0
1891-UAWWU,4
8204-TIFGJ,0
8050-DVOJX,1
6108-OQZDQ,4
0363-QJVFX,0
8903-XEBGX,2
8169-SAEJD,3
9840-DVNDC,3
1089-XZWHH,0
2325-WINES,2
6064-ZATLR,1
3096-JRDSO,1
7824-PANSQ,0
8042-JVNFH,2
9648-BCHKM,0
2888-ADFAO,0
8707-HOEDG,1
3374-LXDEV,1
4072-IPYLT,1
7167-PCEYD,0
4936-YPJNK,0
1580-BMCMR,2
4817-KEQSP,0
6408-WHTEF,0
9251-AWQGT,0
8749-CLJXC,0
7989-VCQOH,0
5049-GLYVG,0
4199-QHJNM,2
8882-TLVRW,0
5883-GTGVD,2
5135-GRQJV,2
2384-OVPSA,1
1371-WEPDS,1
3580-GICBM,0
4817-QRJSX,3
9730-DRTMJ,0
4686-UXDML,2
3349-ANQNH,4
2398-YPMUR,3
0932-YIXYU,0
7480-SPLEF,0
7636-XUHWW,0
1431-CYWMH,0
5937-EORGB,2
6349-JDHQP,0
5539-HIVAK,1
5847-MXBEO,0
9985-MWVIX,3
4583-PARNH,2
1116-FRYVH,0
1421-HCERK,0
9633-XQABV,3
0716-BQNDX,2
1265-XTECC,3
1183-CANVH,0
1972-XMUWV,0
8679-LZBMD,4
3407-JMJQQ,3
6252-DFGTK,0
1539-LNKHM,0
8645-KOMJQ,0
0289-IVARM,2
9761-XUJWD,0
4057-FKCZK,2
4291-TPNFG,0
6087-YPWHO,0
3090-QFUVD,0
2237-ZFSMY,0
1722-LDZJS,0
1818-ESQMW,0
4871-JTKJF,4
1415-YFWLT,4
7401-RUBNK,3
0506-YLVKJ,0
8661-BOYNW,0
6711-VTNRE,0
4815-GBTCD,1
2805-AUFQN,0
0980-PVMRC,2
7233-DRTRF,2
3500-RMZLT,2
3873-NFTGI,2
1162-ECVII,1
7048-GXDAY,1
8571-ZCMCX,3
1169-WCVAK,0
4548-SDBKE,2
8066-POXGX,1
7129-CAKJW,2
8695-ARGXZ,2
3570-YUEKJ,3
4143-OOBWZ,4
1555-HAPSU,0
1697-NVVGY,2
7854-EKTJL,0
8464-EETCQ,0
2419-FSORS,1
8132-YPVBX,3
9102-IAYHT,1
6754-LZUKA,3
3422-LYEPQ,3
8099-MZPUJ,0
0787-LHDYT,0
2642-DTVCO,2
0374-IOEGQ,2
4361-JEIVL,2
3197-NNYNB,3
3396-DKDEL,1
1752-OZXFY,1
9066-QRSDU,0
9112-WSNPU,3
9867-NNXLC,0
5321-NTRKC,2
1363-TXLSL,2
9507-EXLTT,1
3161-GETRM,3
0402-OAMEN,0
6933-VLYFX,0
6754-WKSHP,0
9846-GKXAS,3
6017-PPLPX,2
4976-LNFVV,4
5055-MGMGF,2
4641-FROLU,0
2862-JVEOY,0
2969-QWUBZ,2
9822-BIIGN,0
2077-MPJQO,3
1534-OULXE,2
7136-RVDTZ,1
2971-SGAFL,1
1480-IVEVR,1
2905-KFQUV,3
4581-SSPWD,2
3370-HXOPH,2
9391-YZEJW,1
9958-MEKUC,1
0281-CNTZX,0
6927-WTFIV,2
4118-CEVPF,1
3398-ZOUAA,2
9114-VEPUF,2
7876-BEUTG,3
2338-BQEZT,2
9873-MNDKV,2
0378-NHQXU,3
8241-JUIQO,0
2194-IIQOF,0
4512-ZUIYL,2
9631-RXVJM,0
9584-EXCDZ,4
7969-AULMZ,1
5093-FEGLU,0
2621-UDNLU,0
7526-IVLYU,0
2428-HYUNX,1
9214-EKVXR,1
3410-MHHUM,3
0568-ONFPC,0
0733-VUNUW,1
4550-EVXNY,3
2122-YWVYA,2
2968-SSGAA,2
2296-DKZFP,1
4844-JJWUY,2
6777-TGHTM,2
8909-BOLNL,0
6603-YRDCJ,0
3538-WZPHD,1
3229-USWAR,0
2138-VFAPZ,0
6131-JLWZM,0
4785-QRJHC,0
0269-XFESX,0
1709-EJDOX,0
4316-XCSLJ,2
8610-WFCJF,1
9693-XMUOB,4
0383-CLDDA,0
4905-JEFDW,1
2709-UQGNP,1
3549-ZTMNH,0
7881-INRLC,3
8033-ATFAS,3
1635-NZATJ,0
0562-HKHML,0
8277-RVRSV,0
9943-VSZUV,4
0117-LFRMW,2
6172-FECYY,1
7054-ENNGU,1
1455-HFBXA,0
9402-CXWPL,2
1628-BIZYP,3
1965-AKTSX,4
0082-LDZUE,1
4786-UKSNZ,0
5343-SGUBI,3
0856-NAOES,1
1976-AZZPJ,1
7248-VZQLC,4
6156-UZDLF,0
3099-OONVS,0
9500-WBGRP,0
5183-KLYEM,0
5144-PQCDZ,0
8514-VZHEB,0
6625-IUTTT,1
9355-NPPFS,4
0068-FIGTF,0
5965-GGPRW,2
8035-PWSEV,1
2236-HILPA,0
1840-BIUOG,0
1356-MKYSK,0
6080-LNESI,0
1830-IPXVJ,0
5828-DWPIL,2
8398-TBIYD,0
0011-IGKFF,3
4192-GORJT,3
6496-SLWHQ,4
9912-GVSEQ,4
2931-FSOHN,2
9418-RUKPH,0
5383-MMTWC,3
9971-ZWPBF,0
4712-AUQZO,1
9711-FJTBX,0
2908-ZTPNF,0
7240-ETPTR,1
2202-CUYXZ,2
5995-OIGLP,0
8421-WZOOW,2
6261-RCVNS,0
7951-QKZPL,0
1414-YADCW,1
8756-RDDLT,0
2862-PFNIK,2
5816-QVHRX,0
4430-YHXGG,0
6888-SBYAI,1
7395-XWZOY,0
7169-YWAMK,0
3640-PHQXK,4
6877-LGWXO,4
6859-RKMZJ,2
2729-VNVAP,0
2957-JIRMN,2
2049-BAFNW,0
3842-QTGDL,1
7163-OCEQI,0
9782-LGXMC,0
5975-BAICR,3
8019-ENHXU,0
5167-GBFRE,1
9033-EOXWV,0
4673-KKSLS,0
4853-OITSN,1
9800-OUIGR,0
1324-NLTJE,0
2324-EFHVG,1
7094-MSZAO,0
1522-VVDMG,1
6907-CQGPN,0
0780-XNZFN,0
0239-OXEXL,2
2675-IJRGJ,0
7049-GKVZY,0
8577-QSOCG,0
3721-CNZHX,0
0212-ISBBF,3
9185-TQCVP,4
3585-YNADK,0
5271-DBYSJ,3
1099-GODLO,0
6828-HMKWP,0
5567-WSELE,2
1472-TNCWL,3
8063-RJYNF,1
0687-ZVTHB,1
2080-GKCWQ,2
9661-ACXBS,3
2193-SFWQW,0
5656-JAMLX,0
3462-BJQQA,2
0442-TDYUO,0
6733-LRIZX,1
9503-XJUME,0
4367-NHWMM,1
3727-RJMEO,2
3779-OSWCF,0
6736-DHUQI,2
3915-ODIYG,2
1360-RCYRT,0
2724-FJDYW,0
4451-RWASJ,0
6646-VRFOL,4
3460-TJBWI,0
5917-HBSDW,0
5685-IIXLY,3
5671-UUNXD,1
0956-ACVZC,2
2325-NBPZG,1
4250-ZBWLV,0
4482-FTFFX,0
8859-DZTGQ,0
0440-MOGPM,3
0020-JDNXP,0
3752-CQSJI,0
5025-GOOKI,0
4698-KVLLG,1
5095-AESKG,3
2887-JPYLU,1
4770-QAZXN,0
4896-CPRPF,0
1871-MOWRM,0
9714-EDSUC,1
2027-OAQQC,3
0282-NVSJS,1
9090-SGQXL,3
6595-YGXIT,1
7353-YOWFP,0
9835-ZIITK,1
8008-ESFLK,1
7537-CBQUZ,3
1555-DJEQW,0
5649-TJHOV,3
0519-XUZJU,3
3363-EWLGO,0
4750-UKWJK,1
6338-AVWCY,1
1689-YQBYY,1
4487-ZYJZK,0
2959-FENLU,4
0708-LGSMF,3
9253-QXKBE,3
7634-HLQJR,0
0487-RPVUM,1
4079-ULGFR,0
2516-XSJKX,0
0057-QBUQH,0
9445-SZLCH,3
6599-SFQVE,1
8331-ZXFOE,0
4003-FUSHP,0
0356-ERHVT,3
7325-ENZFI,0
4884-ZTHVF,4
3920-HIHMQ,1
3055-OYMSE,3
0613-WUXUM,0
7568-PODML,3
4458-KVRBJ,0
5349-IECLD,2
1397-XKKWR,3
3945-GFWQL,2
8097-OMULG,0
6013-BHCAW,0
0401-WDBXM,2
3387-PLKUI,0
6096-EGVTU,0
3797-VTIDR,2
5081-NWSUP,0
2580-ATZSQ,3
8085-MSNLK,1
9691-HKOVS,0
9881-VCZEP,1
9526-BIHHD,1
8757-TFHHJ,3
4523-WXCEF,3
1468-DEFNC,0
5119-KEPFY,1
8364-TRMMK,1
0916-KNFAJ,3
8319-QBEHW,1
3063-QFSZL,3
8775-LHDJH,2
9625-QNLUX,3
3097-NQYSN,4
4024-CSNBY,0
7110-BDTWG,0
7493-GVFIO,0
0690-SRQID,0
9605-WGJVW,4
9114-DPSIA,0
4700-UBQMV,3
7711-GQBZC,0
3565-UNOCC,2
4627-MIHJH,2
9795-NREXC,0
8573-CGOCC,0
7356-AYNJP,0
9249-FXSCK,1
5493-SDRDQ,3
6286-SUUWT,0
4819-HJPIW,3
8654-DHAOW,3
5438-QMDDL,1
9812-GHVRI,4
5553-AOINX,1
1228-ZLNBX,2
4226-KKDON,0
3831-YCPUO,0
7445-WMRBW,0
3308-DGHKL,0
9924-JPRMC,0
0080-EMYVY,2
6218-KNUBD,2
7337-CINUD,0
7609-NRNCA,0
0623-EJQEG,0
7153-CHRBV,0
0871-URUWO,1
9190-MFJLN,3
6198-PNNSZ,2
3317-VLGQT,2
4132-POCZS,2
5614-DNZCE,0
1095-JUDTC,2
3896-RCYYE,0
9638-JIQYA,1
3258-SANFR,3
3726-TBHQT,1
3190-ITQXP,0
0870-VEMYL,0
4833-QTJNO,3
3039-MJSLN,0
0178-CIIKR,0
5385-SUIRI,1
3982-XWFZQ,2
5774-QPLTF,0
2322-VCZHZ,4
5010-IPEAQ,0
4009-ALQFH,2
6383-ZTSIW,4
8990-YOZLV,0
3069-SSVSN,1
5222-IMUKT,2
3627-FCRDW,2
7562-GSUHK,2
6685-XSHHU,0
8901-UPRHR,0
4903-UYAVB,0
0118-JPNOY,4
6776-TLWOI,0
3845-FXCYS,0
5857-XRECV,0
0725-CXOTM,0
4343-EJVQB,1
9000-PLFUZ,3
3427-GGZZI,1
7779-ORAEL,1
0644-OQMDK,2
4077-CROMM,0
3154-CFSZG,3
2868-MZAGQ,2
4847-QNOKA,3
2220-IAHLS,0
1658-XUHBX,4
6379-RXJRQ,3
2378-HTWFW,3
8650-RHRKE,3
4377-VDHYI,3
0475-RIJEP,1
1260-TTRXI,2
3719-TDVQB,1
6328-ZPBGN,3
0201-MIBOL,2
4937-QPZPO,3
2925-VDZHY,0
6981-TDRFT,0
3413-CSSTH,3
8033-VCZGH,3
4789-KWMXN,1
0224-NIJLP,0
7542-CYDDM,0
4718-WXBGI,0
2867-UIMSS,3
8495-PRWFH,3
0439-IFYUN,4
5716-LIBJC,4
2868-LLSKM,0
8111-RKSPX,4
2988-QRAJY,2
1585-MQSSU,0
0071-NDAFP,0
2856-NNASM,4
7328-ZJAJO,0
6458-CYIDZ,2
8559-CIZFV,0
1090-PYKCI,1
3058-WQDRE,2
7547-EKNFS,3
2279-AXJJK,1
6769-DYBQN,3
0909-SELIE,0
3417-TSCIC,1
1042-HFUCW,0
4439-JMPMT,1
6537-OTKMY,3
8999-EXMNO,0
6725-TPKJO,0
2446-BEGGB,2
7162-WPHPM,0
1599-MMYRQ,4
8821-KVZKQ,0
1496-GGSUK,1
6434-TTGJP,0
0042-JVWOJ,0
0130-SXOUN,3
2575-GFSOE,2
2330-PQGDQ,0
1452-UZOSF,1
2097-YVPKN,0
2842-JTCCU,1
8597-CTXVJ,0
6631-HMANX,0
9962-BFPDU,0
3296-SILRA,2
9681-OXGVC,4
6394-HHHZM,0
5995-LFTLE,0
5180-UCIIQ,3
1932-UEDCX,2
7153-OANIO,1
5188-HGMLP,3
0665-XHDJU,4
6521-YYTYI,4
8878-HMWBV,3
8265-HKSOW,0
3544-FBCAS,2
5331-RGMTT,4
4759-PXTAN,0
7054-DMVAS,3
3428-MMGUB,2
6549-BTYPG,0
7823-JSOAG,3
3705-RHRFR,4
9374-YOLBJ,0
9074-KGVOX,2
6128-DAFVY,1
9933-QRGTX,1
4476-OSWTN,1
3751-KTZEL,1
1977-STDKI,2
5066-GFJMM,0
2661-GKBTK,0
0458-HEUZG,0
7268-WNTCP,0
0824-VWDPO,2
8409-WQJUX,0
2578-JQPHZ,1
3278-FSIXX,1
5813-UECBU,3
0328-GRPMV,2
9746-UGFAC,0
2946-KIQSP,0
0625-AFOHS,0
6726-WEXXK,5
4636-OLWOE,0
4342-HENTK,1
4685-ERGHK,4
0885-HMGPY,0
5003-OKNNK,0
4195-SMMNX,0
7208-PSIHR,1
4012-ZTHBR,2
0489-WMEMG,0
7435-ZNUYY,0
1354-YZFNB,0
6956-SMUCM,4
2985-FMWYF,1
2812-ENYMO,0
2717-HVIZY,0
3223-WZWJM,3
3422-GALYP,1
9053-JZFKV,0
2530-ENDWQ,4
2890-WFBHU,0
0327-WFZSY,1
7977-HXJKU,0
6615-ZGEDR,0
7033-CLAMM,0
4023-RTIQM,2
0864-FVJNJ,1
7356-IWLFW,2
9541-PWTWO,0
3967-VQOGC,0
7872-RDDLZ,4
9250-WYPLL,4
6308-CQRBU,0
2754-XBHTB,2
1597-LHYNC,2
0186-CAERR,0
3043-SUDUA,0
5442-BHQNG,3
2169-RRLFW,0
5872-OEQNH,3
3162-KKZXO,4
7055-VKGDA,0
0754-UKWQP,1
8873-GLDMH,3
5696-JVVQY,2
8946-BFWSG,0
7493-TPUWZ,3
0547-HURJB,0
8904-OPDCK,3
8845-LWKGE,0
1577-HKTFG,0
8752-STIVR,1
0691-NIKRI,0
5022-JNQEQ,0
4558-FANTW,1
3249-VHRIP,1
3736-BLEPA,1
4701-LKOZD,0
6603-QWSPR,1
9921-QFQUL,1
1929-ZCBHE,0
4378-MYPGO,3
8651-ENBZX,1
4129-LYCOI,0
7798-JVXYM,0
8647-SDTWQ,2
2696-ECXKC,3
2081-KJSQF,0
7623-TRNQN,0
3323-CPBWR,0
9330-IJWIO,3
3384-CTMSF,1
0902-RFHOF,0
9286-DOJGF,4
6048-QBXKL,2
9661-MHUMO,1
7718-RXDGG,1
1025-FALIX,3
3451-VAWLI,0
3407-QGWLG,0
1842-EZJMK,1
2347-WKKAE,4
8735-DCXNF,0
3214-IYUUQ,0
1936-UAFEH,1
3587-PMCOY,3
8079-XRJRS,2
1027-LKKQQ,0
7148-XZPHA,1
8073-IJDCM,0
5309-TAIKL,0
6856-RAURS,2
8778-LMWTJ,3
9717-IOAAF,0
8884-ADFVN,4
2845-KDHVX,0
0848-SOMKO,0
2720-WGKHP,2
6734-FQAJX,1
2869-ADAWR,3
1535-VTJOQ,0
6368-TZZDT,0
0943-ZQPXH,2
1293-BSEUN,0
9894-EZEWG,1
1302-TPUBN,0
7851-FLGGQ,0
0637-UBJRP,3
0940-OUQEC,3
2378-VTKDH,2
0927-CNGRH,0
8608-OZTLB,0
2335-GSODA,0
1952-DVVSW,0
0702-PGIBZ,3
6656-GULJQ,0
9853-JFZDU,0
1963-VAUKV,0
3777-XROBG,0
6994-FGRHH,0
4000-VGMQP,1
3999-WRNGR,1
3466-RITXD,1
2680-XKKNJ,0
3058-HJCUY,0
2974-GGUXS,3
7994-XIRTR,0
3259-FDWOY,3
2101-RANCD,1
7921-BEPCI,1
0807-ZABDG,0
8510-TMWYB,1
3258-ZKPAI,1
1428-IEDPR,0
5298-GSTLM,4
4450-YOOHP,2
6728-CZFEI,2
5748-RNCJT,1
3653-NCRDJ,0
6121-TNHBO,0
5119-NZPTV,5
6519-ZHPXP,0
7739-LAXOG,1
3472-QPRCH,0
8224-UAXBZ,3
9610-WCESF,0
9776-CLUJA,3
2486-WYVVE,0
3865-ZYKAD,4
1422-DGUBX,0
2999-AANRQ,0
8668-KNZTI,3
0480-KYJVA,0
6034-ZRYCV,1
9746-YKGXB,1
3926-YZVVX,0
6000-UKLWI,0
2079-FBMZK,3
6332-FBZRI,0
2096-XOTMO,0
3266-FTKHB,0
8221-EQDGL,3
2346-LOCWC,0
6608-QQLVK,3
0298-XACET,0
7560-QJAVJ,0
2995-YWTCD,0
3551-HUAZH,2
9137-UIYPG,0
2809-ZMYOQ,4
5084-OOVCJ,0
0254-WWRKD,1
7727-SHVZV,0
6302-JGYRJ,0
5339-PXDVH,4
2205-LPVGL,1
8782-NUUOL,0
3685-YLCMQ,0
7601-WFVZV,0
4609-KNNWG,0
4868-AADLV,1
9529-OFXHY,2
8634-MPHTR,5
2669-QVCRG,2
2478-EEWWM,2
9174-IHETN,3
2233-TXSIU,2
9644-UMGQA,3
3256-EZDBI,1
8761-NSOBC,0
0419-YAAPX,2
8413-VONUO,1
0872-CASZJ,0
4726-DLWQN,1
8164-OCKUJ,0
3094-JOJAI,2
9494-MRNYX,3
2599-CZABP,2
7945-PRBVF,0
4544-RXFMG,2
0859-YGKFW,0
1150-FTQGN,3
9223-UCPVT,3
7196-LIWRH,0
5448-VWNAM,0
1177-XZBJL,0
3518-FSTWG,3
9330-VOFSZ,0
4351-QLCSU,3
0939-EREMR,0
9389-ACWBI,2
5419-JPRRN,2
3644-QXEHN,3
2911-IJORQ,0
5921-NGYRH,3
2100-BDNSN,0
5998-DZLYR,1
0488-GSLFR,4
9318-NKNFC,0
3985-HOYPM,0
9728-FTTVZ,4
9548-LERKT,0
6576-FBXOJ,0
4310-KEDTB,3
7254-IQWOZ,2
2474-BRUCM,2
4062-HBMOS,3
0742-NXBGR,2
2676-ISHSF,0
9236-NDUCW,0
4753-PADAS,2
6103-QCKFX,0
7781-EWARA,0
6110-OHIHY,2
7018-FPXHH,3
5889-LFOLL,3
5708-EVONK,2
8708-XPXHZ,1
0616-ATFGB,1
0572-ZJKLT,0
5135-RDDQL,3
1353-LJWEM,0
1794-SWWKL,0
6166-YIPFO,0
7016-BPGEU,3
6876-ADESB,3
9332-GYWLO,3
1963-SVUCV,1
4184-VODJZ,3
0220-EBGCE,2
1092-WPIVQ,0
7233-IOQNP,0
2834-JKOOW,0
2754-VDLTR,1
2400-FEQME,0
3190-XFANI,0
7551-DACSP,3
4957-SREEC,0
7235-NXZCP,1
0230-UBYPQ,0
4923-ADWXJ,0
1763-KUAAW,1
1104-TNLZA,2
5195-KPUNQ,1
0520-FDVVT,1
3439-GVUSX,1
1444-VVSGW,1
5712-PTIWW,0
5949-HGVJL,0
5203-XEHAX,3
1635-HDGFT,0
3315-TOTBP,2
8050-XGRVL,2
6661-HBGWL,3
1518-VOWAV,1
9828-QHFBK,1
3908-MKIMJ,3
5012-YSPJJ,0
5909-ECHUI,1
1309-BXVOQ,0
6728-VOIFY,4
9317-WZPGV,3
4891-NLUBA,0
2856-HYAPG,3
8969-PRHFK,0
0661-KQHNK,0
8709-KRDVL,4
4488-PSYCG,0
1427-VERSM,1
9801-NOSHQ,0
6339-YPSAH,1
3621-CEOVK,2
6906-ANDWJ,3
2159-TURXX,0
1548-FEHVL,1
3795-CAWEX,1
6215-NQCPY,1
5647-URDKA,0
2229-DPMBI,0
9626-WEQRM,2
2188-SXWVT,1
6258-PVZWJ,0
1094-BKOSX,0
6969-MVBAI,4
2978-XXSOG,0
2342-CKIAO,0
6953-PBDIN,0
3898-BSJYF,0
3938-YFPXD,0
7696-AMHOD,1
2453-SAFNS,1
9558-IHEZX,2
9617-UDPEU,0
6340-DACFT,0
4955-VCWBI,0
6813-GZQCG,0
7426-GSWPO,5
3389-KTRXV,0
3118-UHVVQ,0
1031-IIDEO,2
5832-XKAES,1
3205-MXZRA,0
4701-AHWMW,0
8317-BVKSO,0
5702-KVQRD,0
0083-PIVIK,0
9210-IAHGH,0
6169-PGNCD,0
0023-XUOPT,3
4592-IWTJI,3
4909-JOUPP,1
4657-FWVFY,3
2257-BOVXD,0
7729-JTEEC,1
7632-MNYOY,2
6518-LGAOV,1
7242-QZLXF,3
4576-CSAJH,0
1000-AJSLD,0
9696-RMYBA,1
8690-UPCZI,0
1062-LHZOD,2
9770-LXDBK,0
4086-WITJG,0
8344-WFMFH,3
9600-NAXZN,2
8822-KNBHV,1
8404-FYDIB,3
2791-SFVEW,0
6457-USBER,4
6762-NSODU,0
4662-EKDPQ,2
9248-OJYKK,3
9888-ZCUMM,0
3398-FSHON,2
3319-DWOEP,2
1074-WVEVG,0
9979-RGMZT,3
6437-UDQJM,2
1226-IENZN,4
2108-GLPQB,3
9259-PACGQ,0
4415-IJZTP,4
1465-VINDH,1
5474-LAMUQ,0
3468-DRVQJ,3
1122-YJBCS,3
4990-ALDGW,0
4816-OKWNX,0
3315-IKYZQ,0
2810-FTLEM,2
4747-LCAQL,0
3411-WLRSQ,4
0898-XCGTF,2
8006-PYCSW,0
8249-THVEC,0
8722-PRFDV,2
2164-SOQXL,0
4020-KIUDI,0
5850-BDWCY,0
2038-YSEZE,0
0827-ITJPH,0
8799-OXZMD,1
1925-TIBLE,4
1705-GUHPV,0
4779-ZGICK,0
0048-PIHNL,0
0818-OCPZO,5
3967-KXAPS,0
1447-GIQMR,3
3704-IEAXF,0
6810-VCAEX,0
0674-EYYZV,1
4480-MBMLB,3
1395-OFUWC,1
0822-QGCXA,0
0872-NXJYS,4
2832-KJCRD,0
3588-WSTTJ,2
4075-WKNIU,0
5090-EMGTC,0
2346-CZYIL,0
3798-EPWRR,1
6258-NGCNG,0
4186-ZBUEW,0
5274-XHAKY,2
1442-BQPVU,3
3978-YNKDD,0
4940-KHCWD,0
9412-ARGBX,0
1389-CXMLU,4
9589-ABEPT,0
9388-ZEYVT,0
0305-SQECB,0
7605-SNLQG,3
4670-TABXH,1
5561-NWEVX,3
0064-SUDOG,0
8561-NMTBD,0
5161-XEUVX,0
8292-FRFZQ,0
8591-NXRCV,0
7895-VONWT,1
4526-RMTLL,0
6253-GNHWH,0
4566-NECEV,3
8080-POTJR,1
6906-MPARY,0
3662-FXJFO,0
8107-RZLNV,1
0516-OOHAR,3
2027-CWDNU,1
2737-WFVYW,2
9912-OMZDS,3
3733-ZEECP,0
7878-RTCZG,0
2452-MRMZF,0
2272-QAGFO,3
7103-IPXPJ,1
4342-HFXWS,0
3545-CNWRG,3
1785-BPHTP,2
4989-LIXVT,4
7315-WYOAW,0
1173-XZPYF,2
9850-OWRHQ,3
3768-NLUBH,3
8676-TRMJS,3
2509-TFPJU,0
9530-GRMJG,0
6898-RBTLU,0
5481-NTDOH,2
2068-WWXQZ,0
7359-SSBJK,0
2061-VVFST,0
0685-MLYYM,2
0749-IRGQE,4
2380-DAMQP,0
2256-YLYLP,0
1272-ILHFG,0
0164-XAIRP,0
5666-CYCYZ,1
4011-ARPHK,3
8182-PNAGI,0
6365-HITVU,0
7558-IMLMT,0
9488-FYQAU,0
3590-TCXTB,0
6994-KERXL,3
7957-RYHQD,3
2180-DXNEG,2
1960-UOTYM,3
2740-JFBOK,0
6500-JVEGC,3
5515-AKOAJ,0
8976-OQHGT,0
5245-VDBUR,3
6230-BSUXY,5
8469-SNFFH,0
2144-ESWKO,3
1241-FPMOF,0
9928-BZVLZ,0
4114-QMKVN,2
2775-SEFEE,0
9003-CPATH,4
1754-GKYPY,1
5294-CDGWY,1
7956-XQWGU,0
1591-MQJTP,1
5295-PCJOO,3
2369-FEVNO,0
9863-JZAIC,2
7471-MQPOS,1
7660-HDPJV,2
5115-SQAAU,0
9845-QOMAD,0
7672-VFMXZ,0
9739-JLPQJ,0
9916-AYHTC,0
3855-ONCAR,3
1488-SYSFC,0
7931-PXHFC,0
3990-QYKBE,4
0970-QXPXW,0
3259-KNMRR,1
6120-RJKLU,1
9572-WUKSB,0
5893-KCLGT,0
0076-LVEPS,0
3640-JQGJG,2
4919-MOAVT,4
1596-OQSPS,2
9867-XOBQA,0
9546-KDTRB,0
3090-HAWSU,1
9820-RMCQV,2
3174-RKMOW,1
1760-CAZHT,0
7839-QRKXN,0
8441-SHIPE,0
5204-QZXPU,2
4597-ELFTS,0
1320-GVNHT,3
1047-RNXZV,0
3541-ZNUHK,1
8450-JOVAH,3
8725-JEDFD,3
7562-UXTPG,4
8071-SBTRN,3
1113-IUJYX,0
6668-CNMFP,0
5626-MGTUK,3
5681-LLOEI,1
8212-DJRCH,1
4323-OHFOW,2
4933-BSAIP,0
2030-BTZRO,0
1116-DXXDF,4
9274-CNFMO,2
7758-XKCBS,0
8992-JQYUN,1
6563-VNPMN,0
0617-AQNWT,0
2267-WTPYD,4
0270-THENM,0
2446-PLQVO,2
4707-MAXGU,0
2710-WYVXG,0
3005-NFMTA,4
6300-BWMJX,0
8784-CGILN,1
5389-FFVKB,3
7009-LGECI,2
8444-WRIDW,1
5022-KVDQT,1
7976-CICYS,0
1036-GUDCL,0
2005-DWQZJ,0
8148-WOCMK,0
7815-PDTHL,0
9451-LPGOO,3
9173-IVZVP,0
9129-UXERG,0
3635-JBPSG,2
7964-ZRKKG,2
5868-YWPDW,4
6229-LSCKB,4
2025-JKFWI,1
4078-SAYYN,4
1724-IQWNM,0
8217-QYOHV,0
5546-QUERU,0
9940-HPQPG,2
6897-UUBNU,1
6127-IYJOZ,3
6618-RYATB,2
8930-XOTDP,1
5916-QEWPT,1
5060-TQUQN,0
0531-XBKMM,0
8465-SBRXP,1
2408-PSJVE,0
9079-YEXQJ,0
9700-ZCLOT,0
8738-JOKAR,0
4534-WGCIR,0
1930-WNXSB,2
2685-SREOM,3
3508-CFVZL,0
0402-CQAJN,1
6692-UDPJC,0
1273-MTETI,3
0657-DOGUM,0
5480-HPRRX,2
8792-AOROI,0
0295-PPHDO,1
5146-YYFRZ,0
1195-OIYEJ,2
5906-CVLHP,0
3452-SRFEG,4
4070-OKWVH,2
5297-MDOIR,4
6369-MCAKO,0
4926-UMJZD,0
6848-HJTXY,0
6341-AEVKX,1
4501-EQDRN,3
2990-HWIML,2
0682-USIXD,0
6976-BWGLQ,0
7078-NVFAM,2
8065-QBYTO,2
2133-TSRRM,3
7384-GHBPI,1
7603-USHJS,4
7234-FECYN,4
2511-ALLCS,0
3191-CSNMG,2
7952-OBOYL,1
7470-DYNOE,1
7853-OETYL,3
1545-ACTAS,4
5876-HZVZM,3
1400-MMYXY,3
5126-RCXYW,0
3085-QUOZK,1
2363-BJLSL,0
1956-YIFGE,3
3926-CUQZX,1
7921-LMDFQ,3
2925-MXLSX,3
5820-PTRYM,0
9609-BENEA,0
6211-WHMYA,1
4459-BBGHE,1
9945-PSVIP,0
1041-RXHRA,4
1750-CSKKM,2
9108-EJFJP,2
0530-IJVDB,0
0508-SQWPL,0
2215-ZAFGX,2
8213-TAZPM,1
7142-HVGBG,3
1304-SEGFY,1
7242-EDTYC,0
2904-GGUAZ,3
8267-ZNYVZ,1
5136-GFPMB,1
2595-KIWPV,0
5243-SAOTC,4
9398-MMQTO,1
7619-PLRLP,3
6457-GIRWB,3
6508-NJYRO,0
1450-SKCVI,2
4710-NKCAW,0
5306-BVTKJ,3
0357-NVCRI,0
5570-PTWEH,2
2371-KFUOG,2
0463-ZSDNT,1
6502-MJQAE,1
6257-DTAYD,0
4616-ULAOA,1
7693-LCKZL,1
7746-AWNQW,0
5996-EBTKM,0
2758-RNWXS,0
2314-TNDJQ,0
2405-LBMUW,0
3454-JFUBC,0
0032-PGELS,2
9039-ZVJDC,0
6797-LNAQX,1
9013-AQORL,2
2898-MRKPI,3
2750-BJLSB,0
3648-GZPHF,0
2075-RMJIK,1
9588-YRFHY,0
6394-MFYNG,2
1564-NTYXF,5
9364-YKUVW,0
5392-AKEMH,2
2451-YMUXS,0
3914-FDRHP,0
3078-ZKNTS,0
1024-KPRBB,2
4690-PKDQG,3
8155-IBNHG,3
0886-QGENL,2
9547-ITEFG,2
1264-FUHCX,0
7789-CRUVC,1
6598-KELSS,1
8739-WWKDU,4
8685-WHQPW,3
4745-LSPLO,0
8083-YTZES,4
7240-FQLHE,0
6664-FPDAC,2
9972-VAFJJ,1
0422-UXFAP,2
1904-WAJAA,3
5130-YPIRV,2
2843-CQMEG,1
6439-PKTRR,0
5351-QESIO,1
0786-VSSUD,2
5568-DMXZS,0
8468-FZTOE,0
6633-SYEUS,0
6447-GORXK,1
6967-PEJLL,0
3976-BWUCK,1
5981-ZVXOT,5
1684-FLBGS,0
1389-WNUIB,2
0376-OIWME,2
3585-ISXZP,3
0218-QNVAS,3
6583-QGCSI,2
0804-YGEQV,0
7164-BPTUT,0
4174-LPGTI,0
2523-EWWZL,4
0928-XUTSN,2
2108-XWMPY,1
0052-YNYOT,0
6304-IJFSQ,3
9586-JGQKH,0
4501-VCPFK,0
6075-SLNIL,3
9347-AERRL,0
0093-XWZFY,3
2274-XUATA,1
1980-KXVPM,4
7703-ZEKEF,2
0723-DRCLG,3
5482-NUPNA,0
6691-CCIHA,0
1685-BQULA,1
9053-EJUNL,2
0666-UXTJO,3
1471-GIQKQ,2
4807-IZYOZ,0
1122-JWTJW,4
9710-NJERN,0
9837-FWLCH,0
1699-HPSBG,0
7203-OYKCT,3
1035-IPQPU,3
7398-LXGYX,2
2823-LKABH,1
8775-CEBBJ,2
0550-DCXLH,0
9281-CEDRU,0
2235-DWLJU,2
0871-OPBXW,0
3605-JISKB,1
6894-LFHLY,3
9767-FFLEM,3
0639-TSIQW,3
8456-QDAVC,2
7750-EYXWZ,0
2569-WGERO,0
6840-RESVB,0
2234-XADUH,4
4801-JZAZL,3
8361-LTMKD,2
3186-AJIEK,1
